blockNumber,timestamp,transactionIndex,logIndex,intrablockIndex,transactionHash,poolAddress,poolLabel,family,feeBps,direction,baseVolumeWeth,quoteVolumeUsdc,baseVolumeWei,quoteVolumeRaw,executionPrice,postSwapSpot,sqrtPriceX96
23550020,2025-10-10T21:30:23Z,5,63,0,0xc756fcfdabe31b1f100b9e25f38b9b247606d5d3fe9cebab761561c90394a3b7,0x88e6a0c2ddd26feeb64f039a2c41296fcb3f5640,Uniswap V3 0.05%,uniswap_v3,5.0,BUY_WETH,5.34625630643472,17870.615,5346256306434719614,17870615000,3342.640901539091,3342.7397179527916,1370339899143915541445854473178978
23550020,2025-10-10T21:30:23Z,7,82,1,0x8990ee8f3b9a11417f29c7b248716da5253e1af2cacd53b686f2abd0e0376891,0x88e6a0c2ddd26feeb64f039a2c41296fcb3f5640,Uniswap V3 0.05%,uniswap_v3,5.0,BUY_WETH,4.48448803387873,15004.640389,4484488033878729821,15004640389,3345.8981885212356,3345.710270133754,1369731422945565367967051607881069
23550020,2025-10-10T21:30:23Z,15,133,2,0xfa11af0c1fdcc072bb28574410150de3d103850d10fc0d893c1f8c804b36425e,0x7bea39867e4169dbe237d55c8242a8f2fcdcc387,Uniswap V3 1.0%,uniswap_v3,100.0,SELL_WETH,0.7697432191737437,2668.462939,769743219173743616,2668462939,3466.6923625054815,3489.6862533252674,1341177912104260869046507664421063
23550020,2025-10-10T21:30:23Z,44,247,3,0x0b143a4f7ad3cac6f4ccd51586940e92e46de095ec9e07579b707c09f68b2d3b,0x8ad599c3a0ff1de082011efddc58f1908eb6e6d8,Uniswap V3 0.3%,uniswap_v3,30.0,BUY_WETH,7.59338108106612,25478.275144,7593381081066120205,25478275144,3355.326813180673,3347.922252100609,1369278855413060277330348773011173
23550020,2025-10-10T21:30:23Z,314,522,4,0xedf5f89ada0270d84707668dc460b2d1c169288fa1d33813686efa87a9cdce9f,0x7bea39867e4169dbe237d55c8242a8f2fcdcc387,Uniswap V3 1.0%,uniswap_v3,100.0,SELL_WETH,0.5074417793854414,1749.145285,507441779385441462,1749145285,3446.9871344026415,3473.9419200464686,1344213668250660549145156876163629
23550020,2025-10-10T21:30:23Z,334,561,5,0xa3e236cc55d3819e45a3833e59110908b464f0615a2a868c176db1c01ac97904,0x8ad599c3a0ff1de082011efddc58f1908eb6e6d8,Uniswap V3 0.3%,uniswap_v3,30.0,BUY_WETH,6.895307762425636,23171.157317,6895307762425636370,23171157317,3360.4239455801803,3352.7648452456965,1368289633566303540450758050540802
23550021,2025-10-10T21:30:35Z,2,62,0,0xbe95dc5ebe193db17011a28fed239efd956e8ebf688a63077f3a3ae10a3b33be,0x88e6a0c2ddd26feeb64f039a2c41296fcb3f5640,Uniswap V3 0.05%,uniswap_v3,5.0,BUY_WETH,16.003166230726837,53653.73155,16003166230726836225,53653731550,3352.6947590522614,3356.3350391469626,1367561702799460636719694249945646
23550022,2025-10-10T21:30:47Z,3,12,0,0xe7475a5a4c4e7458798f244b49192e5390cbeab7715260b8403300bacfd989e6,0xb4e16d0168e52d35cacd2c6185b44281ec28c9dc,Uniswap V2 0.3%,uniswap_v2,30.0,BUY_WETH,8.865585100364981,29993.837486,8865585100364980695,29993837486,3383.1763100176213,,
23550022,2025-10-10T21:30:47Z,3,18,1,0xe7475a5a4c4e7458798f244b49192e5390cbeab7715260b8403300bacfd989e6,0x8ad599c3a0ff1de082011efddc58f1908eb6e6d8,Uniswap V3 0.3%,uniswap_v3,30.0,BUY_WETH,10.394349655193896,34992.810401,10394349655193895362,34992810401,3366.5223474096465,3360.0847062177627,1366798428515562043863065939057754
23550022,2025-10-10T21:30:47Z,39,125,2,0x6155e9c3f6a65a4b8d973136d285cbd8a8c988b228a50a34166063c200d445a4,0xb4e16d0168e52d35cacd2c6185b44281ec28c9dc,Uniswap V2 0.3%,uniswap_v2,30.0,SELL_WETH,10.44144553031049,35099.39437,10441445530310491319,35099394370,3361.545512842059,,
23550022,2025-10-10T21:30:47Z,57,215,3,0xc03ce46a1ea2c21cd119f811e0f4e35f2e2ed1a6334fc2a7fa72e681116b898c,0x88e6a0c2ddd26feeb64f039a2c41296fcb3f5640,Uniswap V3 0.05%,uniswap_v3,5.0,BUY_WETH,13.21113497719173,44421.356987,13211134977191730542,44421356987,3362.4179197087105,3365.1435972615964,1365770673717534106628103636230646
23550022,2025-10-10T21:30:47Z,63,260,4,0x17d05fa278b9ef4dc3b4eecd6f9ca56b11f1a9d980fab792da9e96f3998603d5,0x88e6a0c2ddd26feeb64f039a2c41296fcb3f5640,Uniswap V3 0.05%,uniswap_v3,5.0,BUY_WETH,17.79129337542643,60006.212779,17791293375426429212,60006212779,3372.7853008079433,3377.073988538364,1363356069400616782295659355402632
23550022,2025-10-10T21:30:47Z,168,397,5,0x2b9c1520b0b0c0eab524d92d87f837b03760a002b141cf49e3f50fc23133afa2,0x7bea39867e4169dbe237d55c8242a8f2fcdcc387,Uniswap V3 1.0%,uniswap_v3,100.0,SELL_WETH,0.7697432190426041,2637.578539,769743219042604093,2637578539,3426.569372420823,3448.1413154082393,1349233313325929226900845636764338
23550023,2025-10-10T21:30:59Z,0,12,0,0xab872b406378d3232cb9a4de473bf411a609855ae746599a9d81e6c210de2b06,0x88e6a0c2ddd26feeb64f039a2c41296fcb3f5640,Uniswap V3 0.05%,uniswap_v3,5.0,BUY_WETH,1.2466290741912356,4212.589024,1246629074191235525,4212589024,3379.184002052065,3377.9148648797445,1363186366305127848973091818006668
23550023,2025-10-10T21:30:59Z,142,300,1,0x6152c158e11051131ad1df24b67ed3d595136d94f44a0b3bc8f8c38935cb09f7,0x88e6a0c2ddd26feeb64f039a2c41296fcb3f5640,Uniswap V3 0.05%,uniswap_v3,5.0,SELL_WETH,22.99246865170556,77450.431397,22992468651705560555,77450431397,3368.5130800974166,3362.5113283687915,1366305151077113204302208688179136
23550023,2025-10-10T21:30:59Z,352,498,2,0x0982572721e70362e90b359a37a7df768601e7008da924aa62ce5ee26318a61f,0xb4e16d0168e52d35cacd2c6185b44281ec28c9dc,Uniswap V2 0.3%,uniswap_v2,30.0,BUY_WETH,2.683889767728715,9057.590886,2683889767728715217,9057590886,3374.7998874279892,,
23550024,2025-10-10T21:31:11Z,7,91,0,0x9e1017f12f2d1801702cbaf6ad4fb7afd66c3f8f189d0151a09d3d9681cb599b,0x88e6a0c2ddd26feeb64f039a2c41296fcb3f5640,Uniswap V3 0.05%,uniswap_v3,5.0,SELL_WETH,5.080793708449119,17067.084632,5080793708449118503,17067084632,3359.1374913762484,3359.125147856688,1366993632497870244050272552088074
23550024,2025-10-10T21:31:11Z,7,98,1,0x9e1017f12f2d1801702cbaf6ad4fb7afd66c3f8f189d0151a09d3d9681cb599b,0x7bea39867e4169dbe237d55c8242a8f2fcdcc387,Uniswap V3 1.0%,uniswap_v3,100.0,SELL_WETH,1.9053407998238259,6443.934344,1905340799823825883,6443934344,3382.0376620265665,3384.4937433051196,1361860820968459772414883671465769
23550024,2025-10-10T21:31:11Z,25,179,2,0x3b64fad975e6a350d776d23ff73376db37b94232125eb3bef611662ebac71d48,0xb4e16d0168e52d35cacd2c6185b44281ec28c9dc,Uniswap V2 0.3%,uniswap_v2,30.0,SELL_WETH,9.133963747306586,30588.264189,9133963747306585517,30588264189,3348.848871665364,,
23550026,2025-10-10T21:31:35Z,24,466,0,0xd815e4cbf9c65d605fbd039f82a5daf0f7306379ccd474bc751cfcfa69cf83c8,0x88e6a0c2ddd26feeb64f039a2c41296fcb3f5640,Uniswap V3 0.05%,uniswap_v3,5.0,BUY_WETH,1.9336891794845645,6500.0,1933689179484564595,6500000000,3361.450262514584,3360.4140505248483,1366731448925466795115842563757812
23550026,2025-10-10T21:31:35Z,32,502,1,0x2f0bad2a81aaf7630de815247f62cf24895e003071f7aa5067cd430d9b8e2c75,0xb4e16d0168e52d35cacd2c6185b44281ec28c9dc,Uniswap V2 0.3%,uniswap_v2,30.0,SELL_WETH,0.456856920267581,1526.036762,456856920267581004,1526036762,3340.2947275181923,,
23550027,2025-10-10T21:31:47Z,12,326,0,0x0967fc8b8e010ed0b8f60c75fa8b06900ef94927c71b8ae6eb9627535398fd06,0xb4e16d0168e52d35cacd2c6185b44281ec28c9dc,Uniswap V2 0.3%,uniswap_v2,30.0,SELL_WETH,30.181107468643223,100000.0,30181107468643222922,100000000000,3313.3310334584435,,
23550027,2025-10-10T21:31:47Z,13,365,1,0x936980983211f5ca2e5416188bc4d4c13fa3ea6045013831aba1d13e861b0812,0xb4e16d0168e52d35cacd2c6185b44281ec28c9dc,Uniswap V2 0.3%,uniswap_v2,30.0,BUY_WETH,24.476958405975306,81465.285948,24476958405975304990,81465285948,3328.243836379308,,
23550028,2025-10-10T21:31:59Z,2,24,0,0x9c7941d4e2db2500831ac6b6aa3e98f5a0306ff18f78339f280f309662cd31ce,0xb4e16d0168e52d35cacd2c6185b44281ec28c9dc,Uniswap V2 0.3%,uniswap_v2,30.0,BUY_WETH,4.21449209434289,14134.2912,4214492094342889472,14134291200,3353.7353691972635,,
23550028,2025-10-10T21:31:59Z,7,147,1,0xbe9475874cda9e05e8f1d7fbebf3adb7c3c43e2e19554d800101437f8cd8bd0a,0x88e6a0c2ddd26feeb64f039a2c41296fcb3f5640,Uniswap V3 0.05%,uniswap_v3,5.0,BUY_WETH,15.394867700887852,51838.162016,15394867700887851690,51838162016,3367.2366026900245,3370.7005565834556,1364644400029210608075013968339170
23550028,2025-10-10T21:31:59Z,12,251,2,0xca908285dcef54de41da7bc1f066ae063ee418945c73dac7120ff416bee89287,0xb4e16d0168e52d35cacd2c6185b44281ec28c9dc,Uniswap V2 0.3%,uniswap_v2,30.0,BUY_WETH,24.62459376810337,83222.990357,24624593768103370136,83222990357,3379.669575089603,,
23550028,2025-10-10T21:31:59Z,18,322,3,0x9eb34997ea95dfc362e74405702e464ef7ad7771ba0d7b0f4d520b27196fbefc,0xb4e16d0168e52d35cacd2c6185b44281ec28c9dc,Uniswap V2 0.3%,uniswap_v2,30.0,BUY_WETH,1.968366235406846,6700.0,1968366235406845998,6700000000,3403.838106690121,,
23550030,2025-10-10T21:32:35Z,3,105,0,0xc89152ada84fa39cca01ae6b4a8dc5ab12b09d3c362fcda50eb441cfc520d2a8,0x88e6a0c2ddd26feeb64f039a2c41296fcb3f5640,Uniswap V3 0.05%,uniswap_v3,5.0,BUY_WETH,0.9304629920266353,3138.171265,930462992026635289,3138171265,3372.698637013784,3371.3240689367663,1364518201543263892850703480571459
23550030,2025-10-10T21:32:35Z,7,168,1,0xdf2433b706090137641938f0ab4f102ccd78648adeae499143ac61d21b48273b,0xe0554a476a092703abdb3ef35c80e0d76d32939f,Uniswap V3 0.01%,uniswap_v3,1.0,BUY_WETH,0.003621121499112538,12.163479,3621121499112538,12163479,3359.0364208936426,3358.7082150079696,1367078475661743218931521887994332
23550030,2025-10-10T21:32:35Z,39,251,2,0xf3652e06f9ebd9562a4eafe47e2abe7253fb2d1f1c1c8cc26d755f9f3eb2d140,0xb4e16d0168e52d35cacd2c6185b44281ec28c9dc,Uniswap V2 0.3%,uniswap_v2,30.0,BUY_WETH,2.9536963042413786,10067.2009,2953696304241378516,10067200900,3408.3398775777796,,
23550030,2025-10-10T21:32:35Z,45,261,3,0x7fef9e9f6890781b5cd40c82faadb18adc51aadc551124332a193aa22f29ec64,0x88e6a0c2ddd26feeb64f039a2c41296fcb3f5640,Uniswap V3 0.05%,uniswap_v3,5.0,BUY_WETH,14.801705289179298,50000.0,14801705289179297538,50000000000,3377.9891588945643,3381.290612797922,1362505720481316357126067180710409
23550030,2025-10-10T21:32:35Z,46,271,4,0x99a2e3a6b9e33e5beff57f279e0a40881dc2aed2f8e89eb1a7874ee12d7c5b7e,0xb4e16d0168e52d35cacd2c6185b44281ec28c9dc,Uniswap V2 0.3%,uniswap_v2,30.0,BUY_WETH,0.7474204821569284,2550.0,747420482156928337,2550000000,3411.734172230782,,
23550030,2025-10-10T21:32:35Z,47,278,5,0x61ed85384f1a8fb2453a583c98f8292e450283950fec7d5364b1891f213921b4,0xe0554a476a092703abdb3ef35c80e0d76d32939f,Uniswap V3 0.01%,uniswap_v3,1.0,BUY_WETH,1.4870849232756216,5000.0,1487084923275621482,5000000000,3362.2827598752287,3365.1879704308735,1365761669202242413710966380344649
23550030,2025-10-10T21:32:35Z,153,478,6,0x6b4d18e9c17d779d768cfb8d9303afa41da18b8028d2bd13b8c23373f6d2f1e7,0xb4e16d0168e52d35cacd2c6185b44281ec28c9dc,Uniswap V2 0.3%,uniswap_v2,30.0,BUY_WETH,3.0271233854060218,10338.21915,3027123385406021789,10338219150,3415.195825793324,,
23550031,2025-10-10T21:32:47Z,9,174,0,0xffa92c271cae0542d714518986b99590b365d6510013189f6e166917bb6ac562,0xb4e16d0168e52d35cacd2c6185b44281ec28c9dc,Uniswap V2 0.3%,uniswap_v2,30.0,SELL_WETH,31.64307523119498,106603.978544,31643075231194980352,106603978544,3368.9512718064025,,
23550031,2025-10-10T21:32:47Z,18,262,1,0x45277cf05d5f067046e5967bcd19da3806accedd9e75daaed0a6e5a9b277f55c,0xb4e16d0168e52d35cacd2c6185b44281ec28c9dc,Uniswap V2 0.3%,uniswap_v2,30.0,BUY_WETH,1.471661590285101,4947.734364,1471661590285100836,4947734364,3362.005502257818,,
23550031,2025-10-10T21:32:47Z,215,625,2,0x6acaa8fc5b45730e487c87d9516b5292dcecc9c41bb3731efbb43f2cbcff608b,0xb4e16d0168e52d35cacd2c6185b44281ec28c9dc,Uniswap V2 0.3%,uniswap_v2,30.0,BUY_WETH,1.2615955100692593,4244.586522,1261595510069259329,4244586522,3364.459121899522,,
23550032,2025-10-10T21:32:59Z,12,114,0,0x5d1c97c5b61ac91c224297467722ce75fa7655bfeeaef13504aa5983f45251e8,0xb4e16d0168e52d35cacd2c6185b44281ec28c9dc,Uniswap V2 0.3%,uniswap_v2,30.0,BUY_WETH,4.986858890065504,16806.08441,4986858890065504181,16806084410,3370.074185070684,,
23550032,2025-10-10T21:32:59Z,12,121,1,0x5d1c97c5b61ac91c224297467722ce75fa7655bfeeaef13504aa5983f45251e8,0x8ad599c3a0ff1de082011efddc58f1908eb6e6d8,Uniswap V3 0.3%,uniswap_v3,30.0,BUY_WETH,23.551028172009627,79567.779299,23551028172009627638,79567779299,3378.52677674456,3376.715843975357,1363428368290999500441729787928230
23550033,2025-10-10T21:33:11Z,12,138,0,0xd7779c4853920facbe91f1eb1a9ec1a0c441f21e49c8c9eab3e4b6c1d9905ef0,0xe0554a476a092703abdb3ef35c80e0d76d32939f,Uniswap V3 0.01%,uniswap_v3,1.0,BUY_WETH,2.5017688945491714,8433.443851,2501768894549171279,8433443851,3370.9923683897027,3376.1314499042264,1363546365026295259591339809833667
23550034,2025-10-10T21:33:23Z,0,6,0,0x130d9ff7845e21de5d8e64ec08981290909c141e94e484d38a9153fd702d4212,0x8ad599c3a0ff1de082011efddc58f1908eb6e6d8,Uniswap V3 0.3%,uniswap_v3,30.0,BUY_WETH,106.65982907627776,364726.242974,106659829076277762011,364726242974,3419.5277278493113,3445.656953346856,1349719632787355401811257339457268
23550034,2025-10-10T21:33:23Z,0,15,1,0x130d9ff7845e21de5d8e64ec08981290909c141e94e484d38a9153fd702d4212,0x88e6a0c2ddd26feeb64f039a2c41296fcb3f5640,Uniswap V3 0.05%,uniswap_v3,5.0,BUY_WETH,74.90709527630976,255310.907589,74907095276309764589,255310907589,3408.3674803733184,3432.235121530186,1352356112128458157593213502212404
23550034,2025-10-10T21:33:23Z,1,96,2,0x3ca8c013ddc372013bc8af2182e2a7ceb8690c65e1d4b9f0b96f0878f1cfe362,0x8ad599c3a0ff1de082011efddc58f1908eb6e6d8,Uniswap V3 0.3%,uniswap_v3,30.0,SELL_WETH,91.1692217147263,310321.081054,91169221714726305792,310321081054,3403.792148462256,3386.177299862713,1361522230492215698541584011500732
23550034,2025-10-10T21:33:23Z,1,104,3,0x3ca8c013ddc372013bc8af2182e2a7ceb8690c65e1d4b9f0b96f0878f1cfe362,0x88e6a0c2ddd26feeb64f039a2c41296fcb3f5640,Uniswap V3 0.05%,uniswap_v3,5.0,SELL_WETH,59.480215566135236,202839.146973,59480215566135238656,202839146973,3410.1952227706024,3391.746527133085,1360403965626386165799441870334234
23550034,2025-10-10T21:33:23Z,5,181,4,0x183b2fb51dcec773cbdbc2471588e187f0f954fd2b7f0bdeb90fc70a9fa141f3,0x88e6a0c2ddd26feeb64f039a2c41296fcb3f5640,Uniswap V3 0.05%,uniswap_v3,5.0,SELL_WETH,4.757517239038216,16120.571446,4757517239038216126,16120571446,3388.442045721089,3388.5286406746213,1361049760182506955189409838683589
23550034,2025-10-10T21:33:23Z,16,254,5,0xa734fd2cc26226404a1f9a6fc753b1cdcac9937f6c19d82c4c6cbafca6e391c6,0x88e6a0c2ddd26feeb64f039a2c41296fcb3f5640,Uniswap V3 0.05%,uniswap_v3,5.0,SELL_WETH,36.806084759246545,124199.610018,36806084759246544000,124199610018,3374.431451495209,3363.776925816453,1366048095536601910347748845895561
23550036,2025-10-10T21:33:47Z,29,342,0,0xd229f6cc74d0d1e21c970a02676388f43b20f42b079a1e19b586b412bef0ab0d,0xb4e16d0168e52d35cacd2c6185b44281ec28c9dc,Uniswap V2 0.3%,uniswap_v2,30.0,BUY_WETH,0.8887902422518541,3000.0,888790242251854141,3000000000,3375.3745905210985,,
23550036,2025-10-10T21:33:47Z,37,369,1,0x2a9c935c35c3e087dd026d317ca0f90b6141f15d4a0d8eb9c530011e577a1884,0x88e6a0c2ddd26feeb64f039a2c41296fcb3f5640,Uniswap V3 0.05%,uniswap_v3,5.0,BUY_WETH,3.0366882570142795,10222.932068,3036688257014279415,10222932068,3366.474001533286,3365.8048103698634,1365636514151035064069641591527271
23550036,2025-10-10T21:33:47Z,53,407,2,0xfe699a9efa3f1189a36c5383fb2a1050cbd9bb9b96e25b61950b2ae618b48754,0xb4e16d0168e52d35cacd2c6185b44281ec28c9dc,Uniswap V2 0.3%,uniswap_v2,30.0,BUY_WETH,14.751317141477495,50000.0,14751317141477495138,50000000000,3389.527831342659,,
23550037,2025-10-10T21:33:59Z,11,50,0,0x63d3055d3b01b340742751350362321f22f96076b9f43311538d991b5f5b3397,0x88e6a0c2ddd26feeb64f039a2c41296fcb3f5640,Uniswap V3 0.05%,uniswap_v3,5.0,BUY_WETH,2.5449510820155767,8572.25868,2544951082015576824,8572258680,3368.339274014986,3367.5056126747236,1365291604394860596705884123041583
23550038,2025-10-10T21:34:11Z,1,39,0,0x5b92c449a0983bfdcd49172a434b29d6c161f1f8ec7188d3bee878f1a8b5bd53,0x8ad599c3a0ff1de082011efddc58f1908eb6e6d8,Uniswap V3 0.3%,uniswap_v3,30.0,BUY_WETH,79.97455674335251,273554.161198,79974556743352512786,273554161198,3420.5148779488277,3437.7968340579723,1351261739654098193705820679275532
23550038,2025-10-10T21:34:11Z,2,47,1,0x5b444833996cab9a0aac67dcd69e5e64855c741e5a10e6f8d9bac92dce9fd51f,0x88e6a0c2ddd26feeb64f039a2c41296fcb3f5640,Uniswap V3 0.05%,uniswap_v3,5.0,BUY_WETH,60.90649753860789,206456.56561,60906497538607888781,206456565610,3389.729732515479,3408.5832756933664,1357039938352674274523364107970293
23550038,2025-10-10T21:34:11Z,2,61,2,0x5b444833996cab9a0aac67dcd69e5e64855c741e5a10e6f8d9bac92dce9fd51f,0x8ad599c3a0ff1de082011efddc58f1908eb6e6d8,Uniswap V3 0.3%,uniswap_v3,30.0,SELL_WETH,25.457347910312823,87024.11778,25457347910312822043,87024117780,3418.428270163459,3419.652724827236,1354841782307350275192218481851214
23550039,2025-10-10T21:34:23Z,1,66,0,0xdcce519f6bdbffc784fc4561eba56e426c8e2465b3123529e3af7e747de6a15c,0x8ad599c3a0ff1de082011efddc58f1908eb6e6d8,Uniswap V3 0.3%,uniswap_v3,30.0,SELL_WETH,30.44907260481159,103487.499065,30449072604811591680,103487499065,3398.707750745972,3398.9785393571588,1358955928091598659252701676797663
23550039,2025-10-10T21:34:23Z,1,88,1,0xdcce519f6bdbffc784fc4561eba56e426c8e2465b3123529e3af7e747de6a15c,0x88e6a0c2ddd26feeb64f039a2c41296fcb3f5640,Uniswap V3 0.05%,uniswap_v3,5.0,SELL_WETH,41.177755356150975,139716.513561,41177755356150972416,139716513561,3393.0094623316977,3380.780548129918,1362608498494758771929527820498745
23550039,2025-10-10T21:34:23Z,38,290,2,0x2f0d9b2a6bd27f89c542cc6976094d46b7ca8bf92820d417fee9044dd295f900,0xb4e16d0168e52d35cacd2c6185b44281ec28c9dc,Uniswap V2 0.3%,uniswap_v2,30.0,BUY_WETH,0.6235508041100885,2122.279898,623550804110088491,2122279898,3403.539669921281,,
23550041,2025-10-10T21:34:47Z,11,65,0,0xcf540bdf6325925663c256084d3e899bb275b436d2601381d83c47721738d982,0x8ad599c3a0ff1de082011efddc58f1908eb6e6d8,Uniswap V3 0.3%,uniswap_v3,30.0,SELL_WETH,12.224342948629136,41386.325867,12224342948629135360,41386325867,3385.5664914604795,3392.53202573962,1360246464197752020792088117314536
23550041,2025-10-10T21:34:47Z,59,270,1,0x27f3457f87d8835d5ff3aa22b3f221ec6d97392bc537855ab1410903e27bca69,0xb4e16d0168e52d35cacd2c6185b44281ec28c9dc,Uniswap V2 0.3%,uniswap_v2,30.0,BUY_WETH,0.2975075361115371,1012.82927,297507536111537067,1012829270,3404.381896464919,,
23550041,2025-10-10T21:34:47Z,238,735,2,0x8a639795437d1e96c889769acd36e08ee8148fdb6905c4a0cbb02c4ac1491c4b,0x88e6a0c2ddd26feeb64f039a2c41296fcb3f5640,Uniswap V3 0.05%,uniswap_v3,5.0,BUY_WETH,5.9093460461041545,20000.0,5909346046104154812,20000000000,3384.469253274712,3384.7746310861944,1361804312331654389010349432115968
23550041,2025-10-10T21:34:47Z,307,818,3,0x6e63f1a83781d04d64a39e4d985be41326c768772c6e823f2e6ff2a32c62baff,0xe0554a476a092703abdb3ef35c80e0d76d32939f,Uniswap V3 0.01%,uniswap_v3,1.0,BUY_WETH,2.7123450579682156,9174.309017,2712345057968215483,9174309017,3382.4269482410036,3388.056471878886,1361144596682857046157171721775618
23550041,2025-10-10T21:34:47Z,484,1005,4,0x026643a9a4534f41f115fe267408355d55690342872c0de16a7b19c028ca2455,0x88e6a0c2ddd26feeb64f039a2c41296fcb3f5640,Uniswap V3 0.05%,uniswap_v3,5.0,BUY_WETH,7.246774147816923,24558.744736,7246774147816923360,24558744736,3388.9209509031375,3389.678064354573,1360818977872385668968281998570385
23550042,2025-10-10T21:34:59Z,28,127,0,0xd7263701bda7044602d79e9e3cfc053fd4f506f6f326799e6907b0526a24128b,0x88e6a0c2ddd26feeb64f039a2c41296fcb3f5640,Uniswap V3 0.05%,uniswap_v3,5.0,SELL_WETH,26.06295763748686,88071.538687,26062957637486862336,88071538687,3379.18435474587,3372.09681685022,1364361846452443385266196675743760
23550042,2025-10-10T21:34:59Z,29,137,1,0x5fd7e558e4c685223f320164a390c254a1fbb8e56ac68ef90b25b28341f1bc49,0x8ad599c3a0ff1de082011efddc58f1908eb6e6d8,Uniswap V3 0.3%,uniswap_v3,30.0,SELL_WETH,15.988297493351018,54011.067678,15988297493351018496,54011067678,3378.1625404744527,3384.128231209744,1361934364748137402232811289531515
23550044,2025-10-10T21:35:23Z,138,460,0,0x9ca93e78631eb86dd775b30128fd5ffeec7c6333a98b52a0509c7930fb67367b,0xb4e16d0168e52d35cacd2c6185b44281ec28c9dc,Uniswap V2 0.3%,uniswap_v2,30.0,SELL_WETH,29.783838875308017,100000.0,29783838875308015790,100000000000,3357.5255499687773,,
23550044,2025-10-10T21:35:23Z,157,511,1,0xe7ca1034cf6c34e05ac61a77a5b4de3cfaad503be91541c7878a1fb051938af4,0x88e6a0c2ddd26feeb64f039a2c41296fcb3f5640,Uniswap V3 0.05%,uniswap_v3,5.0,BUY_WETH,0.1481993737926867,500.0,148199373792686690,500000000,3373.8334191576314,3372.1961887779694,1364341743786692704350631879849110
23550044,2025-10-10T21:35:23Z,162,550,2,0x0124d00be6711c411b6ad7bb895d1612ad9377edaba7771060b13bafc1c67b15,0x88e6a0c2ddd26feeb64f039a2c41296fcb3f5640,Uniswap V3 0.05%,uniswap_v3,5.0,BUY_WETH,0.8856844302979687,2988.458913,885684430297968773,2988458913,3374.1802506278673,3372.7901571524803,1364221604155821059373677774271716
23550044,2025-10-10T21:35:23Z,163,566,3,0x5fc47dc8c48430b502ac969345b02f3dc38c344588e5434c4b14dbb30ec8646b,0x88e6a0c2ddd26feeb64f039a2c41296fcb3f5640,Uniswap V3 0.05%,uniswap_v3,5.0,BUY_WETH,4.482217289977962,15131.889435,4482217289977962284,15131889435,3375.9830137718286,3375.803215831202,1363612653176075573245545077586291
23550046,2025-10-10T21:35:47Z,2,60,0,0xffb800012d980750158365ea6c3c0039b8123c60ae4612721d3a78dfe2099886,0xb4e16d0168e52d35cacd2c6185b44281ec28c9dc,Uniswap V2 0.3%,uniswap_v2,30.0,BUY_WETH,5.975981230170766,20057.407534,5975981230170766082,20057407534,3356.337103727291,,
23550047,2025-10-10T21:35:59Z,2,32,0,0xd4d4849037608f995536baa5c217f1f635f2dba7800833d970e5a20684ac2356,0x88e6a0c2ddd26feeb64f039a2c41296fcb3f5640,Uniswap V3 0.05%,uniswap_v3,5.0,BUY_WETH,48.36091039009616,164129.663368,48360910390096159564,164129663368,3393.8497444335158,3408.465805991887,1357063322730288876488215688132686
23550047,2025-10-10T21:35:59Z,4,59,1,0xeab7c41e482b484c2e73f41afe6f6dc7069fab73a864b0c027f249b5acd79a74,0xb4e16d0168e52d35cacd2c6185b44281ec28c9dc,Uniswap V2 0.3%,uniswap_v2,30.0,BUY_WETH,23.697585416039356,80170.250127,23697585416039356464,80170250127,3383.055645523192,,
23550047,2025-10-10T21:35:59Z,4,62,2,0xeab7c41e482b484c2e73f41afe6f6dc7069fab73a864b0c027f249b5acd79a74,0x88e6a0c2ddd26feeb64f039a2c41296fcb3f5640,Uniswap V3 0.05%,uniswap_v3,5.0,BUY_WETH,30.274297105232606,103553.239747,30274297105232606124,103553239747,3420.500214655747,3429.1928216862175,1352955868526780842799114335675493
23550047,2025-10-10T21:35:59Z,5,228,3,0x0a10848b27ccb286d342d138c6b149b88b423ea5ac1ec253a3615f9ed57e4d72,0x88e6a0c2ddd26feeb64f039a2c41296fcb3f5640,Uniswap V3 0.05%,uniswap_v3,5.0,SELL_WETH,32.75094575034594,111885.20109,32750945750345940992,111885201090,3416.243364172718,3406.8256253341674,1357389955411548388254942320351875
23550047,2025-10-10T21:35:59Z,5,248,4,0x0a10848b27ccb286d342d138c6b149b88b423ea5ac1ec253a3615f9ed57e4d72,0xb4e16d0168e52d35cacd2c6185b44281ec28c9dc,Uniswap V2 0.3%,uniswap_v2,30.0,SELL_WETH,7.661857215048623,25876.396946,7661857215048623104,25876396946,3377.3008579664306,,
23550047,2025-10-10T21:35:59Z,11,350,5,0xe31350c58f9cfc2c4a5a68e16d06599536bfb1d1d02b5b24ebf477f1deda9d90,0x8ad599c3a0ff1de082011efddc58f1908eb6e6d8,Uniswap V3 0.3%,uniswap_v3,30.0,SELL_WETH,39.320946617018095,132160.588757,39320946617018094729,132160588757,3361.073425933264,3357.420009628974,1367340717047483350662262843758129
23550047,2025-10-10T21:35:59Z,17,434,6,0x4b8c3ea5ab857a97e66598f2ed827887800f92ea4ee506218389007350fb5c29,0x88e6a0c2ddd26feeb64f039a2c41296fcb3f5640,Uniswap V3 0.05%,uniswap_v3,5.0,BUY_WETH,46.72247137816339,160000.0,46722471378163393360,160000000000,3424.476387496466,3438.862412262123,1351052370036512338009174746536551
23550047,2025-10-10T21:35:59Z,32,558,7,0x787400bd3155ffec4672f4f28dee9d4a758511a69ea6924d40b66f992dbfe816,0xb4e16d0168e52d35cacd2c6185b44281ec28c9dc,Uniswap V2 0.3%,uniswap_v2,30.0,SELL_WETH,0.7867379748393463,2651.047469,786737974839346304,2651047469,3369.6701491260164,,
23550047,2025-10-10T21:35:59Z,36,577,8,0xc0aed3ab1d6dad959af561ece3df3d843a48d175595bd17953604005e116ec69,0x88e6a0c2ddd26feeb64f039a2c41296fcb3f5640,Uniswap V3 0.05%,uniswap_v3,5.0,SELL_WETH,52.295128915974644,178805.725319,52295128915974641123,178805725319,3419.165972538219,3403.114611858929,1358129854074563338083996849146772
23550047,2025-10-10T21:35:59Z,36,578,9,0xc0aed3ab1d6dad959af561ece3df3d843a48d175595bd17953604005e116ec69,0x8ad599c3a0ff1de082011efddc58f1908eb6e6d8,Uniswap V3 0.3%,uniswap_v3,30.0,BUY_WETH,52.813557539771935,178805.725319,52813557539771937878,178805725319,3385.6027438475057,3391.3018174287017,1360493159252606750748021325879755
23550048,2025-10-10T21:36:11Z,8,193,0,0x2fd6ad97fd66c4837ab60f0a648399dd51bb35611507058fd2e6742ff0750fd2,0xb4e16d0168e52d35cacd2c6185b44281ec28c9dc,Uniswap V2 0.3%,uniswap_v2,30.0,BUY_WETH,4.03128928183316,13677.862061,4031289281833159557,13677862061,3392.9249688527007,,
23550048,2025-10-10T21:36:11Z,11,205,1,0x9902b83cd31cbe59a9514387bc3c0c67eb1f3ade38a69518edfc2d7847480c7e,0xb4e16d0168e52d35cacd2c6185b44281ec28c9dc,Uniswap V2 0.3%,uniswap_v2,30.0,BUY_WETH,2.586516685930605,8791.448984,2586516685930604830,8791448984,3398.9531294428584,,
23550049,2025-10-10T21:36:23Z,0,6,0,0xd5351a897aec4add2833204e676c30182e125c70d1fcfbd532de3b46ad16bc26,0xe0554a476a092703abdb3ef35c80e0d76d32939f,Uniswap V3 0.01%,uniswap_v3,1.0,BUY_WETH,2.4728077926560625,8392.35102,2472807792656062345,8392351020,3393.8549712291665,3398.983495028725,1358954937421635477318800751856108
23550049,2025-10-10T21:36:23Z,78,155,1,0x5cff9056f336ca0a525e75b5c9bb61afeb253af5b6175a8557339ccd0affa7e5,0xb4e16d0168e52d35cacd2c6185b44281ec28c9dc,Uniswap V2 0.3%,uniswap_v2,30.0,BUY_WETH,1.175054010802104,3997.989105,1175054010802103964,3997989105,3402.387522826233,,
23550050,2025-10-10T21:36:35Z,92,411,0,0x1676629f654bbf849d9d50dd49b003e9dc3134558fddbf2f21ea0a945ff9fdfa,0xb4e16d0168e52d35cacd2c6185b44281ec28c9dc,Uniswap V2 0.3%,uniswap_v2,30.0,BUY_WETH,0.06139377101671629,208.954834,61393771016716285,208954834,3403.518476542283,,
23550050,2025-10-10T21:36:35Z,267,682,1,0xda87ccc85d40bf45468b044399f1cb180289ac634c9dff007fc9912d094c508f,0x8ad599c3a0ff1de082011efddc58f1908eb6e6d8,Uniswap V3 0.3%,uniswap_v3,30.0,BUY_WETH,1.6934620631341213,5761.081272,1693462063134121267,5761081272,3401.9547277828365,3392.1959684831936,1360313840814278514943302000996646
23550051,2025-10-10T21:36:47Z,0,18,0,0x33487ed3354b0ca6fc3f43479093183f2c6715a2fbd640be36096c19011183cd,0x88e6a0c2ddd26feeb64f039a2c41296fcb3f5640,Uniswap V3 0.05%,uniswap_v3,5.0,BUY_WETH,55.926541956319355,191483.95523,55926541956319356151,191483955230,3423.847578124102,3441.4006135269583,1350554044534554358359829410588697
23550051,2025-10-10T21:36:47Z,1,60,1,0x3ada8d991f49aaa00422ab71a5e41b929dd6501b700abed8217b77593df9737c,0x88e6a0c2ddd26feeb64f039a2c41296fcb3f5640,Uniswap V3 0.05%,uniswap_v3,5.0,SELL_WETH,14.014595987761773,48137.749908,14014595987761772544,48137749908,3434.8296554560848,3431.7051177635176,1352460539247979624397287996435223
23550051,2025-10-10T21:36:47Z,1,79,2,0x3ada8d991f49aaa00422ab71a5e41b929dd6501b700abed8217b77593df9737c,0x88e6a0c2ddd26feeb64f039a2c41296fcb3f5640,Uniswap V3 0.05%,uniswap_v3,5.0,SELL_WETH,40.55765156531045,138548.144944,40557651565310451712,138548144944,3416.079077480468,3404.0433273732056,1357944574072717735949028239454193
23550051,2025-10-10T21:36:47Z,5,157,3,0x47d7c14c00b717bdefe452ce97139bfccf04be2ff455b19dc233e08c2693d85f,0x88e6a0c2ddd26feeb64f039a2c41296fcb3f5640,Uniswap V3 0.05%,uniswap_v3,5.0,SELL_WETH,18.062001748148663,61342.8,18062001748148663281,61342800000,3396.2348611934763,3391.809662454155,1360391304252459846556413355000166
23550051,2025-10-10T21:36:47Z,15,210,4,0xce2c95a1df3f9b4aa531fbba78ff4c45a032e073c8ba88369dbf94895939fd85,0xe0554a476a092703abdb3ef35c80e0d76d32939f,Uniswap V3 0.01%,uniswap_v3,1.0,BUY_WETH,0.4384777616649169,1490.957131,438477761664916916,1490957131,3400.302732204202,3400.9696083448252,1358558075206990903232007210137834
23550051,2025-10-10T21:36:47Z,20,221,5,0x1668868a93de3ad680e5c043ecf2301154d974cae3fbe414cbabbd206cb23bb8,0x88e6a0c2ddd26feeb64f039a2c41296fcb3f5640,Uniswap V3 0.05%,uniswap_v3,5.0,SELL_WETH,0.9571193702321527,3244.433559,957119370232152635,3244433559,3389.7898840068938,3391.16170776293,1360521264115982984677361936370560
23550052,2025-10-10T21:36:59Z,1,23,0,0x025985098d5a4fecf1806f36b550b2a96e40d976b9bb4531dbb9219dc503c624,0x88e6a0c2ddd26feeb64f039a2c41296fcb3f5640,Uniswap V3 0.05%,uniswap_v3,5.0,BUY_WETH,1.2322287299408166,4181.291706,1232228729940816574,4181291706,3393.2756187244763,3391.996396230468,1360353858089181433374739632874259
23550052,2025-10-10T21:36:59Z,11,134,1,0x120c1f97b3955de3e4199c3049e70ba8dba4d2aa43be9056ac585b0ca172ce0b,0x88e6a0c2ddd26feeb64f039a2c41296fcb3f5640,Uniswap V3 0.05%,uniswap_v3,5.0,BUY_WETH,24.788030415491633,84331.169176,24788030415491633386,84331169176,3402.0923712961085,3408.726091567008,1357011510008890314233900019547747
23550052,2025-10-10T21:36:59Z,15,176,2,0x8e258b1dc1bb32c691ba1d0c0f4618b3dcc63d281b7c1667f615d11301254d64,0xb4e16d0168e52d35cacd2c6185b44281ec28c9dc,Uniswap V2 0.3%,uniswap_v2,30.0,BUY_WETH,14.795604596142741,50558.471375,14795604596142741785,50558471375,3417.127772404836,,
23550052,2025-10-10T21:36:59Z,15,182,3,0x8e258b1dc1bb32c691ba1d0c0f4618b3dcc63d281b7c1667f615d11301254d64,0x8ad599c3a0ff1de082011efddc58f1908eb6e6d8,Uniswap V3 0.3%,uniswap_v3,30.0,BUY_WETH,14.85904404251189,50615.002417,14859044042511890166,50615002417,3406.3431181837755,3400.0567577883708,1358740436466605991360935506685371
23550052,2025-10-10T21:36:59Z,18,201,4,0xfba64f58d0ba6a25f1cf59310e73d62c7b88848ce04a57158c7d9113a7d43054,0x8ad599c3a0ff1de082011efddc58f1908eb6e6d8,Uniswap V3 0.3%,uniswap_v3,30.0,BUY_WETH,23.404652740844885,80000.0,23404652740844885866,80000000000,3418.12377589295,3416.1488499010143,1355536421169209352178286447855616
23550052,2025-10-10T21:36:59Z,125,390,5,0x776bd639a12eeb5b4e5fcc39eb732000fa666d62ed038b881f6557cb57526bd4,0xb4e16d0168e52d35cacd2c6185b44281ec28c9dc,Uniswap V2 0.3%,uniswap_v2,30.0,BUY_WETH,0.08123349446352315,278.7,81233494463523147,278700000,3430.850806561653,,
23550053,2025-10-10T21:37:11Z,14,107,0,0xb3120cbf3484b0e3cf53649af147255e9eabb7ab4fc8d13f83d7f1ea010fb00f,0xe0554a476a092703abdb3ef35c80e0d76d32939f,Uniswap V3 0.01%,uniswap_v3,1.0,BUY_WETH,3.5922591387038776,12248.816693,3592259138703877587,12248816693,3409.780926166561,3417.931383071637,1355182902697922598663835332312547
23550053,2025-10-10T21:37:11Z,75,244,1,0x979f25f4fa70ba208e8d912ab1a65e37c49e908831247a36ad03d68d377729e3,0xb4e16d0168e52d35cacd2c6185b44281ec28c9dc,Uniswap V2 0.3%,uniswap_v2,30.0,BUY_WETH,0.29144363597622935,1000.0,291443635976229339,1000000000,3431.1951834198285,,
23550054,2025-10-10T21:37:23Z,6,96,0,0x0fafb65eab7d899d2cc4bc4e47eab0d709a0eaf700d84fe0b5634048e01f89f0,0x88e6a0c2ddd26feeb64f039a2c41296fcb3f5640,Uniswap V3 0.05%,uniswap_v3,5.0,BUY_WETH,16.799600952364663,57389.860373,16799600952364662509,57389860373,3416.1442605529255,3420.1745924022525,1354738414050897206437312847147320
23550054,2025-10-10T21:37:23Z,11,108,1,0x309f28e72f7b5c7f2a03225dbcf60cfedb3e179f4b9581b05ec1e1e47077d08c,0xe0554a476a092703abdb3ef35c80e0d76d32939f,Uniswap V3 0.01%,uniswap_v3,1.0,BUY_WETH,25.24215125067599,87767.917645,25242151250675992322,87767917645,3477.0379423445356,3528.2291346601583,1333832185592656558179776532231214
23550054,2025-10-10T21:37:23Z,14,118,2,0xb08d689b0341cf88b5225f5ccf79137a2dd130f9801b989b5ba39822e56381cb,0x7bea39867e4169dbe237d55c8242a8f2fcdcc387,Uniswap V3 1.0%,uniswap_v3,100.0,BUY_WETH,8.773720018989081,31266.756625,8773720018989082140,31266756625,3563.6829711147534,3670.216209711909,1307777193147446670852317773939217
23550054,2025-10-10T21:37:23Z,26,168,3,0xe1b27a3a2c86d60b5b95ca9d8f4cadbc1eebc272cf8c1c64a5325044a0aa1ea6,0x8ad599c3a0ff1de082011efddc58f1908eb6e6d8,Uniswap V3 0.3%,uniswap_v3,30.0,BUY_WETH,399.0299503220402,1422748.483694,399029950322040150889,1422748483694,3565.5180332848695,3698.1606993517535,1302826831599566319003879245557821
23550054,2025-10-10T21:37:23Z,27,173,4,0xb588bc2c8f8d5b1553070edc606b48cc2bae6cd15e755c71f40583a60885a7ce,0x88e6a0c2ddd26feeb64f039a2c41296fcb3f5640,Uniswap V3 0.05%,uniswap_v3,5.0,SELL_WETH,3.0036446630222517,10264.765621,3003644663022251942,10264765621,3417.436738562692,3418.1191050907037,1355145689078994517292962983885870
23550054,2025-10-10T21:37:23Z,27,180,5,0xb588bc2c8f8d5b1553070edc606b48cc2bae6cd15e755c71f40583a60885a7ce,0x8ad599c3a0ff1de082011efddc58f1908eb6e6d8,Uniswap V3 0.3%,uniswap_v3,30.0,SELL_WETH,150.925225101017,547905.600755,150925225101016977821,547905600755,3630.311635369613,3587.566956459459,1322755500344336868928504060731308
23550054,2025-10-10T21:37:23Z,28,190,6,0x70396345669f5c17349856d3e20ab62a22e10949a58c76e249222f3706fccc17,0x8ad599c3a0ff1de082011efddc58f1908eb6e6d8,Uniswap V3 0.3%,uniswap_v3,30.0,SELL_WETH,78.85128828251824,279910.105125,78851288282518240810,279910105125,3549.8482170906723,3533.652215421438,1332808279354511415757390445358276
23550054,2025-10-10T21:37:23Z,29,199,7,0x8f64aa4b391918aa164c9a4e7bd7b9dbdfb0708fdde43ee6de834c8f3a562331,0x8ad599c3a0ff1de082011efddc58f1908eb6e6d8,Uniswap V3 0.3%,uniswap_v3,30.0,SELL_WETH,31.166438810878244,109473.68229,31166438810878243371,109473682290,3512.550245291086,3512.6276319890885,1336791043297386826646663131986880
23550054,2025-10-10T21:37:23Z,33,214,8,0x571271e5174eb49eac78d1ef9f4be68f500a37a08edd239d223448767e809b2b,0xb4e16d0168e52d35cacd2c6185b44281ec28c9dc,Uniswap V2 0.3%,uniswap_v2,30.0,BUY_WETH,28.915260674665536,100000.0,28915260674665537121,100000000000,3458.3814106028876,,
23550054,2025-10-10T21:37:23Z,34,245,9,0x177251b4b443f1d8fd65141cf0a852651b76fd0dfe916c608d19fd866aafaa21,0xb4e16d0168e52d35cacd2c6185b44281ec28c9dc,Uniswap V2 0.3%,uniswap_v2,30.0,SELL_WETH,38.01285446627524,130363.192033,38012854466275246080,130363192033,3429.4502179166097,,
23550055,2025-10-10T21:37:35Z,0,149,0,0x7567ee9add012bceb304b61b589c6ade1c8ce60f5cc175c709a892e5d11efb2b,0x8ad599c3a0ff1de082011efddc58f1908eb6e6d8,Uniswap V3 0.3%,uniswap_v3,30.0,SELL_WETH,89.50435873420103,310753.087076,89504358734201028608,310753087076,3471.9324451989655,3451.7435250000435,1348529105462442591076976136796924
23550055,2025-10-10T21:37:35Z,0,216,1,0x7567ee9add012bceb304b61b589c6ade1c8ce60f5cc175c709a892e5d11efb2b,0xe0554a476a092703abdb3ef35c80e0d76d32939f,Uniswap V3 0.01%,uniswap_v3,1.0,SELL_WETH,21.213239935152387,73942.73414,21213239935152386048,73942734140,3485.6879178304935,3437.1164650617984,1351395472553625100504193315288382
23550055,2025-10-10T21:37:35Z,0,273,2,0x7567ee9add012bceb304b61b589c6ade1c8ce60f5cc175c709a892e5d11efb2b,0x7bea39867e4169dbe237d55c8242a8f2fcdcc387,Uniswap V3 1.0%,uniswap_v3,100.0,SELL_WETH,6.814559680845805,24023.562831,6814559680845804544,24023562831,3525.3287015043443,3452.965235329866,1348290519554354167374640674938965
23550055,2025-10-10T21:37:35Z,2,300,3,0x5bfc92f34b15fa8afafcddd44e50390f397716d47430b105c0ac56014ba8f215,0xb4e16d0168e52d35cacd2c6185b44281ec28c9dc,Uniswap V2 0.3%,uniswap_v2,30.0,BUY_WETH,155.83606090518902,555408.16845,155836060905189015552,555408168450,3564.0542068623736,,
23550055,2025-10-10T21:37:35Z,4,325,4,0x43219191fb57d7c92df6bbf29d647e8f50dcacea70a7b5fa839a914713cff032,0xb4e16d0168e52d35cacd2c6185b44281ec28c9dc,Uniswap V2 0.3%,uniswap_v2,30.0,SELL_WETH,78.78206636204416,285050.680533,78782066362044160092,285050680533,3618.21787236508,,
23550055,2025-10-10T21:37:35Z,9,398,5,0xfc411d970f142b18e1c773e7684e85de87132a190f476bf9fbb1929d1c38787d,0x8ad599c3a0ff1de082011efddc58f1908eb6e6d8,Uniswap V3 0.3%,uniswap_v3,30.0,BUY_WETH,268.76203596931884,955253.28181,268762035969318842499,955253281810,3554.2716379743792,3636.4972185439656,1313826307897061572242640698003543
23550055,2025-10-10T21:37:35Z,10,414,6,0xf5e38f0a48761fbdc616b8ad3cff2e6d4c034c10c6281f8cd8ca6fa847722f83,0x8ad599c3a0ff1de082011efddc58f1908eb6e6d8,Uniswap V3 0.3%,uniswap_v3,30.0,SELL_WETH,61.26970979925734,220823.502786,61269709799257339810,220823502786,3604.1218982348864,3593.6325695610126,1321638703983632494525881181007408
23550055,2025-10-10T21:37:35Z,11,420,7,0x01e471a9aa3ba840dd2d96e5118b9bf35ff2bf79752d54ffca3462ed4e3500dd,0x8ad599c3a0ff1de082011efddc58f1908eb6e6d8,Uniswap V3 0.3%,uniswap_v3,30.0,SELL_WETH,68.20545053250785,242774.862449,68205450532507854351,242774862449,3559.4642444783713,3546.8682977809735,1330322855366205800095129947733737
23550055,2025-10-10T21:37:35Z,11,427,8,0x01e471a9aa3ba840dd2d96e5118b9bf35ff2bf79752d54ffca3462ed4e3500dd,0x8ad599c3a0ff1de082011efddc58f1908eb6e6d8,Uniswap V3 0.3%,uniswap_v3,30.0,SELL_WETH,24.800426616038468,87491.260935,24800426616038466521,87491260935,3527.812738447785,3530.007832079623,1333496098122599220230551246039877
23550056,2025-10-10T21:37:47Z,1,10,0,0x358f7a2c3e50e97c0f9fd4a0c0da1b96ff194c0c9934fe0f7c6964161a40d7ea,0x8ad599c3a0ff1de082011efddc58f1908eb6e6d8,Uniswap V3 0.3%,uniswap_v3,30.0,SELL_WETH,82.2919988411071,287337.984,82291998841107096884,287337984000,3491.6879896769115,3474.4849774513814,1344108614736654172228397125623987
23550056,2025-10-10T21:37:47Z,3,18,1,0x4ad2b026962223d5a4c462d297aff3c75a781ee33895231dcab5e46f7a0ac512,0xb4e16d0168e52d35cacd2c6185b44281ec28c9dc,Uniswap V2 0.3%,uniswap_v2,30.0,SELL_WETH,46.171419620513916,161412.532086,46171419620513916013,161412532086,3495.940419693844,,
23550056,2025-10-10T21:37:47Z,3,19,2,0x4ad2b026962223d5a4c462d297aff3c75a781ee33895231dcab5e46f7a0ac512,0x88e6a0c2ddd26feeb64f039a2c41296fcb3f5640,Uniswap V3 0.05%,uniswap_v3,5.0,BUY_WETH,46.97632736913015,161412.532086,46976327369130153429,161412532086,3436.0398338008436,3450.6403966064677,1348744642536985112787265176730310
23550056,2025-10-10T21:37:47Z,9,42,3,0x20c7c92040b034301139bc1f73d201d0e3c27d2d11cad145aeee3c31435bbe69,0x7bea39867e4169dbe237d55c8242a8f2fcdcc387,Uniswap V3 1.0%,uniswap_v3,100.0,BUY_WETH,7.145070472318664,25746.887882,7145070472318663411,25746887882,3603.4477171006565,3683.7793773642093,1305367445374813651353948179088495
23550056,2025-10-10T21:37:47Z,17,72,4,0x6eec465c8ae95ffd9d0c5b7a25362dd2b8a3dff23084ddfda170e76ab795e706,0x8ad599c3a0ff1de082011efddc58f1908eb6e6d8,Uniswap V3 0.3%,uniswap_v3,30.0,BUY_WETH,255.31985560739147,912072.446534,255319855607391463028,912072446534,3572.273861600898,3650.4052668312356,1311321079513001091607967357918253
23550056,2025-10-10T21:37:47Z,19,80,5,0x91e0f230c9f18b1127ef98ebe5a195ecad466a3e8c1a6773dc45053176495371,0x8ad599c3a0ff1de082011efddc58f1908eb6e6d8,Uniswap V3 0.3%,uniswap_v3,30.0,SELL_WETH,81.98694654517253,296019.236309,81986946545172529152,296019236309,3610.565447097138,3592.8057357958864,1321790773525044812216293196997676
23550056,2025-10-10T21:37:47Z,22,88,6,0x056af8cb1c88b59da2e676d7204318a723dc9e8e86d8e54e2c8e7b6e00989e26,0x8ad599c3a0ff1de082011efddc58f1908eb6e6d8,Uniswap V3 0.3%,uniswap_v3,30.0,SELL_WETH,81.98694654517253,291377.874455,81986946545172529152,291377874455,3553.9544614514807,3536.6710247068722,1332239332888318095688789992450924
23550056,2025-10-10T21:37:47Z,33,115,7,0xd75fb502a4ae97e0ae1d4b4a2f6ef4f2bf6524b4883d173d353fa75ebbef70ef,0x8ad599c3a0ff1de082011efddc58f1908eb6e6d8,Uniswap V3 0.3%,uniswap_v3,30.0,SELL_WETH,30.253498832983336,106366.767118,30253498832983335579,106366767118,3515.850107295211,3516.227294836627,1336106612396656269496298271272386
23550056,2025-10-10T21:37:47Z,39,142,8,0x732aea27211d72afe6cd4fd4a0aad489dea4ecb8a79a298e5c809ef96e535565,0x88e6a0c2ddd26feeb64f039a2c41296fcb3f5640,Uniswap V3 0.05%,uniswap_v3,5.0,BUY_WETH,7.455982852879332,25760.592812,7455982852879332527,25760592812,3455.023076139699,3455.941272117101,1347709863506836122721866961614211
23550056,2025-10-10T21:37:47Z,48,177,9,0x3c70946e64d1542d94556521bd35714ab42875423dc1a5ce05d2f3f4be0fce49,0xb4e16d0168e52d35cacd2c6185b44281ec28c9dc,Uniswap V2 0.3%,uniswap_v2,30.0,SELL_WETH,1.61,5555.688602,1610000000000000000,5555688602,3450.7382621118013,,
23550056,2025-10-10T21:37:47Z,264,718,10,0x78c4bb4ef40238a2a69af60df6f7ef1e4290759ed34ae6863b4e3b18adba74a7,0xe0554a476a092703abdb3ef35c80e0d76d32939f,Uniswap V3 0.01%,uniswap_v3,1.0,BUY_WETH,0.29021627558845886,997.808233,290216275588458863,997808233,3438.153945628266,3438.503934180395,1351122794565420780338598195424742
23550056,2025-10-10T21:37:47Z,352,865,11,0x6b57f524af72d1ff639e8d831868f4860b1fa0e7d5452c73fc2de1a90b6eef36,0xe0554a476a092703abdb3ef35c80e0d76d32939f,Uniswap V3 0.01%,uniswap_v3,1.0,BUY_WETH,90.43456331720432,325127.003413,90434563317204328726,325127003413,3595.163082422356,3717.074267158037,1299508021273978552427231819623052
23550057,2025-10-10T21:37:59Z,2,36,0,0xcd9f35298fbd7931fd0bb1c6a70652d7bb7c35fa9e793c515460ddbec936599a,0xe0554a476a092703abdb3ef35c80e0d76d32939f,Uniswap V3 0.01%,uniswap_v3,1.0,SELL_WETH,68.05042558419522,246959.07035,68050425584195225735,246959070350,3629.059895363189,3533.339859998253,1332867189721237355963801647759343
23550057,2025-10-10T21:37:59Z,4,62,1,0xfa50212bd673b5c1ae7c62526a3b30cf6dcbd11d52d71d5ad51aa64a4148948e,0xb4e16d0168e52d35cacd2c6185b44281ec28c9dc,Uniswap V2 0.3%,uniswap_v2,30.0,BUY_WETH,26.760577437283757,93537.258332,26760577437283757866,93537258332,3495.3378174000336,,
23550057,2025-10-10T21:37:59Z,13,203,2,0xda9314d9fa12749e492b82ab3c46641a6adae6ba17d57d34b79fd180fb6ffb76,0x88e6a0c2ddd26feeb64f039a2c41296fcb3f5640,Uniswap V3 0.05%,uniswap_v3,5.0,BUY_WETH,51.59544536366002,179349.010212,51595445363660016694,179349010212,3476.062837482939,3492.856905595877,1340569044581196882169491599926479
23550057,2025-10-10T21:37:59Z,14,212,3,0xfea974a51af6f46148070465d3f3131bd21fb729ad02a56098529d2bac952965,0xe0554a476a092703abdb3ef35c80e0d76d32939f,Uniswap V3 0.01%,uniswap_v3,1.0,SELL_WETH,31.47066956242675,109149.655753,31470669562426749602,109149655753,3468.2978554518972,3395.7761376119392,1359596561796230563315563274566465
23550057,2025-10-10T21:37:59Z,20,258,4,0xdf1bbecb4651eb4d32f55bbbb0d9d272c232538ed772a3e0e257bd25de33d1a7,0xe0554a476a092703abdb3ef35c80e0d76d32939f,Uniswap V3 0.01%,uniswap_v3,1.0,SELL_WETH,14.789642978963101,49738.244494,14789642978963101352,49738244494,3363.045650577776,3331.296865334607,1372691409033182397607888077536189
23550057,2025-10-10T21:37:59Z,20,266,5,0xdf1bbecb4651eb4d32f55bbbb0d9d272c232538ed772a3e0e257bd25de33d1a7,0xe0554a476a092703abdb3ef35c80e0d76d32939f,Uniswap V3 0.01%,uniswap_v3,1.0,SELL_WETH,0.42207298280262134,1405.527154,422072982802621344,1405527154,3330.0571495173913,3329.483758507489,1373065115230181645294489585859572
23550057,2025-10-10T21:37:59Z,24,318,6,0x265299718322b7197da3081baac0bca1257687a4d9459bea84c9d6935ccdc798,0xb4e16d0168e52d35cacd2c6185b44281ec28c9dc,Uniswap V2 0.3%,uniswap_v2,30.0,BUY_WETH,15.042755174965452,53182.325897,15042755174965451741,53182325897,3535.4112513582236,,
23550057,2025-10-10T21:37:59Z,24,321,7,0x265299718322b7197da3081baac0bca1257687a4d9459bea84c9d6935ccdc798,0x88e6a0c2ddd26feeb64f039a2c41296fcb3f5640,Uniswap V3 0.05%,uniswap_v3,5.0,BUY_WETH,47.33154697581327,166194.768431,47331546975813267027,166194768431,3511.289595413533,3525.0456693757756,1334434340940725478624191328469865
23550057,2025-10-10T21:37:59Z,42,441,8,0xad79f5496e29e07c0c5fa040ed93bdaa066d0d304130cf4c5090bf5eb93504b4,0x8ad599c3a0ff1de082011efddc58f1908eb6e6d8,Uniswap V3 0.3%,uniswap_v3,30.0,SELL_WETH,43.905160786380186,153267.188045,43905160786380185202,153267188045,3490.869531049411,3486.3905695586377,1341811669868776150354140683733256
23550057,2025-10-10T21:37:59Z,43,446,9,0xdb138f1f37a62f043b1173441947ec19612883adf1948200a763a17aa009199f,0xe0554a476a092703abdb3ef35c80e0d76d32939f,Uniswap V3 0.01%,uniswap_v3,1.0,BUY_WETH,31.678006881866754,107714.600268,31678006881866754062,107714600268,3400.2960056700535,3474.0136088114014,1344199798772057524039891483372715
23550057,2025-10-10T21:37:59Z,43,449,10,0xdb138f1f37a62f043b1173441947ec19612883adf1948200a763a17aa009199f,0xb4e16d0168e52d35cacd2c6185b44281ec28c9dc,Uniswap V2 0.3%,uniswap_v2,30.0,SELL_WETH,30.781331375943903,107714.600268,30781331375943901893,107714600268,3499.3483209820047,,
23550058,2025-10-10T21:38:11Z,5,88,0,0x956cc9174642c6c2e9f859232114f3d0d116d75c3e69f84325193c0041596755,0x88e6a0c2ddd26feeb64f039a2c41296fcb3f5640,Uniswap V3 0.05%,uniswap_v3,5.0,SELL_WETH,29.750442536366265,104538.986706,29750442536366265308,104538986706,3513.8632502092673,3505.709859937871,1338109329540728811610220136426753
23550058,2025-10-10T21:38:11Z,7,110,1,0x83f9f0e79bc36c7a8668ab9ba340f78e459823c59cda9bb8d0e9a69257f36fc8,0x88e6a0c2ddd26feeb64f039a2c41296fcb3f5640,Uniswap V3 0.05%,uniswap_v3,5.0,SELL_WETH,35.72980705480508,124731.356912,35729807054805079690,124731356912,3490.9608305658526,3479.7912837388335,1343083413443620334863498698448543
23550058,2025-10-10T21:38:11Z,12,196,2,0x9c921d133509886a5ab43f82aea0e9f42fd2545396f6fd0c6206fccf83839353,0x7bea39867e4169dbe237d55c8242a8f2fcdcc387,Uniswap V3 1.0%,uniswap_v3,100.0,SELL_WETH,3.09023872714795,11113.083878,3090238727147949900,11113083878,3596.189440113745,3582.8590323508042,1323624274145444131493974668936736
23550059,2025-10-10T21:38:23Z,0,204,0,0xe7d0890f7e102b7f59f5d777cdf6431f98018dd615b8f20e1864c69fca5c522a,0x8ad599c3a0ff1de082011efddc58f1908eb6e6d8,Uniswap V3 0.3%,uniswap_v3,30.0,SELL_WETH,27.389376712072416,94955.312138,27389376712072417280,94955312138,3466.866483900181,3468.289786882426,1345308527999063274265663427706540
23550059,2025-10-10T21:38:23Z,8,275,1,0xd0571179c36bbe2061d44f750f012e2960b7096979ffdd33f362e22749d74ffc,0x88e6a0c2ddd26feeb64f039a2c41296fcb3f5640,Uniswap V3 0.05%,uniswap_v3,5.0,BUY_WETH,0.33345412595143487,1160.971588,333454125951434891,1160971588,3481.6530900238045,3480.0332461891826,1343036721159418253461274116224544
23550060,2025-10-10T21:38:35Z,1,72,0,0x5560542bd77202b8f41b8c6722acdf4db6fa00728d178ccdc39179fa711329ad,0x88e6a0c2ddd26feeb64f039a2c41296fcb3f5640,Uniswap V3 0.05%,uniswap_v3,5.0,SELL_WETH,26.489468856952108,91886.710711,26489468856952107008,91886710711,3468.801553070194,3461.148727073701,1346695636623387993327685785998323
23550060,2025-10-10T21:38:35Z,2,118,1,0xf9ba2a55961895a0a24e10afc4fdd2980b939252deee5c1424fb1763ad0f9525,0x88e6a0c2ddd26feeb64f039a2c41296fcb3f5640,Uniswap V3 0.05%,uniswap_v3,5.0,BUY_WETH,10.249830486908209,35531.156848,10249830486908208882,35531156848,3466.511655327651,3468.3972823899376,1345287680366608756134706399725545
23550060,2025-10-10T21:38:35Z,2,123,2,0xf9ba2a55961895a0a24e10afc4fdd2980b939252deee5c1424fb1763ad0f9525,0x88e6a0c2ddd26feeb64f039a2c41296fcb3f5640,Uniswap V3 0.05%,uniswap_v3,5.0,BUY_WETH,0.6644639028493928,2305.933682,664463902849392795,2305933682,3470.3671216924813,3468.866609270443,1345196670665328548040226329051996
23550060,2025-10-10T21:38:35Z,5,145,3,0x3e676bef43843f88817136ff1a345a15588a8439cce1a2f6bb1b067dc05e6024,0x88e6a0c2ddd26feeb64f039a2c41296fcb3f5640,Uniswap V3 0.05%,uniswap_v3,5.0,BUY_WETH,8.479806224027369,29455.448745,8479806224027369563,29455448745,3473.599274183713,3474.885702079959,1344031111042884682167835234255168
23550060,2025-10-10T21:38:35Z,11,187,4,0x1e2f4a728085a47cfc382cbd700484fa99556918e6116d420c5ffa1252c1ba96,0x8ad599c3a0ff1de082011efddc58f1908eb6e6d8,Uniswap V3 0.3%,uniswap_v3,30.0,BUY_WETH,15.344004436545434,53455.368035,15344004436545435234,53455368035,3483.7951367951378,3478.405080367432,1343351007536507043221815862492132
23550061,2025-10-10T21:38:47Z,9,147,0,0x37044be9d53242175aaf60c95d0367772d86db0d46f91c1ee816fd0e1b00a335,0x88e6a0c2ddd26feeb64f039a2c41296fcb3f5640,Uniswap V3 0.05%,uniswap_v3,5.0,BUY_WETH,18.562585054833743,64660.420842,18562585054833743494,64660420842,3483.3737138977995,3488.3732402164037,1341430296006808062911770951399191
23550061,2025-10-10T21:38:47Z,23,209,1,0x352de27c128afd8823aa7bd241c3268f7ea45e5b57251a03c015355460764977,0x8ad599c3a0ff1de082011efddc58f1908eb6e6d8,Uniswap V3 0.3%,uniswap_v3,30.0,BUY_WETH,0.6647407408335396,2319.341574,664740740833539573,2319341574,3489.0919595084597,3478.844299920251,1343266202842409248409401075286607
23550062,2025-10-10T21:38:59Z,0,65,0,0x568a3c315833590cc1528524362efa6786aa37385a0319b014dfab34142bfc20,0x88e6a0c2ddd26feeb64f039a2c41296fcb3f5640,Uniswap V3 0.05%,uniswap_v3,5.0,SELL_WETH,22.080547409548643,76809.809604,22080547409548644352,76809809604,3478.618902844044,3472.3762882076617,1344516674948492199437959467758366
23550063,2025-10-10T21:39:11Z,175,552,0,0x75b419a1f6cc1f5020c18ad9a7e4861a228749225c47761eff38667b07fb8e4b,0x8ad599c3a0ff1de082011efddc58f1908eb6e6d8,Uniswap V3 0.3%,uniswap_v3,30.0,BUY_WETH,22.337416839572306,78110.098288,22337416839572307557,78110098288,3496.8277150839776,3493.956650942949,1340358051608915742766003045670188
23550064,2025-10-10T21:39:23Z,8,125,0,0x6923b6528d41b1500aa35b4c7a9ae2e3cfed02fe55c131dc2f6c676d2412d500,0x88e6a0c2ddd26feeb64f039a2c41296fcb3f5640,Uniswap V3 0.05%,uniswap_v3,5.0,BUY_WETH,18.15186696674245,63180.750708,18151866966742448108,63180750708,3480.6750635490403,3485.5290765061386,1341977482574272037565758517008648
23550065,2025-10-10T21:39:35Z,3,80,0,0xc975a396eb3d082f8f4ed1c82cfb66c1c61a5bc11c62ac34f112fe9dec416487,0x88e6a0c2ddd26feeb64f039a2c41296fcb3f5640,Uniswap V3 0.05%,uniswap_v3,5.0,BUY_WETH,7.133646524325911,24895.401669,7133646524325911238,24895401669,3489.856356648183,3490.6585452324066,1340991112503087013615447574420509
23550065,2025-10-10T21:39:35Z,3,85,1,0xc975a396eb3d082f8f4ed1c82cfb66c1c61a5bc11c62ac34f112fe9dec416487,0x88e6a0c2ddd26feeb64f039a2c41296fcb3f5640,Uniswap V3 0.05%,uniswap_v3,5.0,BUY_WETH,0.4127460578274738,1441.536884,412746057827473809,1441536884,3492.551549947345,3490.952006576094,1340934747172984589935072931537564
23550065,2025-10-10T21:39:35Z,9,110,2,0xb7395b16722150aa2122a2f45f05dd4852a182098dbd3bd71cf646463c5b10f9,0x88e6a0c2ddd26feeb64f039a2c41296fcb3f5640,Uniswap V3 0.05%,uniswap_v3,5.0,BUY_WETH,39.53474407753055,138645.021904,39534744077530544914,138645021904,3506.915882194833,3518.377831075726,1335698216108669747149443660762873
23550065,2025-10-10T21:39:35Z,42,215,3,0x2eff8cb5df4e725cf490de5e16375921b289cbeb2220d24190d4024128c54cf7,0xb4e16d0168e52d35cacd2c6185b44281ec28c9dc,Uniswap V2 0.3%,uniswap_v2,30.0,BUY_WETH,0.1274643945807237,444.996759,127464394580723702,444996759,3491.145589823375,,
23550066,2025-10-10T21:39:47Z,90,103,0,0xcfc870698c86996464e492bb3936c9f86a7c0c44973ee395020ee0abc5cc5bff,0x88e6a0c2ddd26feeb64f039a2c41296fcb3f5640,Uniswap V3 0.05%,uniswap_v3,5.0,SELL_WETH,34.02968974862794,119287.554142,34029689748627939328,119287554142,3505.3964647682283,3494.8937575190985,1340178340487263334948094187210011
23550067,2025-10-10T21:39:59Z,0,74,0,0x9ae1d3e4297b7b7dae4fb473dfb74e5e5e384a31798f45bc6fd163224e4b656f,0x88e6a0c2ddd26feeb64f039a2c41296fcb3f5640,Uniswap V3 0.05%,uniswap_v3,5.0,SELL_WETH,30.380350234166094,105791.350261,30380350234166095872,105791350261,3482.229449153151,3472.979685964226,1344399871272721290953384331497984
23550067,2025-10-10T21:39:59Z,13,157,1,0x7d82b361490d6856c50f32236cd9b5d56610c28aa46209277a851b7b3647d8f6,0x88e6a0c2ddd26feeb64f039a2c41296fcb3f5640,Uniswap V3 0.05%,uniswap_v3,5.0,BUY_WETH,0.3145500431152763,1093.007326,314550043115276289,1093007326,3474.828091501595,3473.2016686367647,1344356908284468102019687220165124
23550068,2025-10-10T21:40:11Z,6,86,0,0xf9809dff6e49338ea32cfca5999e0faab70b052e9afd6f3440d3895d6e2a9099,0x88e6a0c2ddd26feeb64f039a2c41296fcb3f5640,Uniswap V3 0.05%,uniswap_v3,5.0,BUY_WETH,6.887855515151562,23952.046528,6887855515151562794,23952046528,3477.4316150086884,3478.1969800107963,1343391193248255691158479036857222
23550068,2025-10-10T21:40:11Z,6,94,1,0xf9809dff6e49338ea32cfca5999e0faab70b052e9afd6f3440d3895d6e2a9099,0x88e6a0c2ddd26feeb64f039a2c41296fcb3f5640,Uniswap V3 0.05%,uniswap_v3,5.0,BUY_WETH,0.32170370318562574,1119.546145,321703703185625718,1119546145,3480.0536453694863,3478.4302552278173,1343346146330047238747018669047134
23550068,2025-10-10T21:40:11Z,8,105,2,0xb9c4ac59102c69d4ff78deafc34e96290d36cc76c69078f9ad67cefd1cf99b78,0x88e6a0c2ddd26feeb64f039a2c41296fcb3f5640,Uniswap V3 0.05%,uniswap_v3,5.0,BUY_WETH,39.59652380300778,138370.344254,39596523803007774568,138370344254,3494.507369949715,3507.19818157169,1337825378037497353720388792861522
23550068,2025-10-10T21:40:11Z,29,239,3,0xdd10d4c0d9478f714aa0fe36d1d88478aa05d5a590844e1861aabfdd0d655c9c,0x88e6a0c2ddd26feeb64f039a2c41296fcb3f5640,Uniswap V3 0.05%,uniswap_v3,5.0,BUY_WETH,9.395356764576533,33000.0,9395356764576532490,33000000000,3512.373274043242,3513.746012665031,1336578284571044691778053084985347
23550069,2025-10-10T21:40:23Z,0,15,0,0x40bf1d70d3f66fc3bbd14385e978d57cd4b32db08c2efb017d7270daac8fc187,0x88e6a0c2ddd26feeb64f039a2c41296fcb3f5640,Uniswap V3 0.05%,uniswap_v3,5.0,SELL_WETH,53.471846660556054,186767.705368,53471846660556054528,186767705368,3492.8231776549196,3475.1910056085594,1343972071632855758993029282872082
23550069,2025-10-10T21:40:23Z,128,464,1,0xf4e6964fcccc1fa84f5e3534ad3fc5de133aff5e5731562aec11fb55c29d85db,0xb4e16d0168e52d35cacd2c6185b44281ec28c9dc,Uniswap V2 0.3%,uniswap_v2,30.0,BUY_WETH,4.671323296288529,16329.542151,4671323296288528592,16329542151,3495.6994228967596,,
