block,blockHash,timestamp,v3Spot,chainlink,aave,ethUsd,usdcUsd,ethFeedAgeSeconds,usdcFeedAgeSeconds,ethRoundId,ethUpdatedAt,aggregated1,v31,report1,aggregated10,v310,report10,aggregated100,v3100,report100
23549939,0x965cc1fbaaa1e134a5ed4649e8d55ed10f791577059e86b2bd1f95822d2ddf12,2025-10-10T21:14:11Z,3657.8443262544733,3716.8488537531775,3846.129144020368,3716.05660742,0.99978685,24,47628,129127208515966880105,1760130827,3750.501078,3655.717389,outputs/october-price-gap/23549939-1.json.gz,3743.4869074000003,3653.0374430999996,outputs/october-price-gap/23549939-10.json.gz,3710.29870634,3626.44113289,outputs/dense-crash/raw/23549939-WETH-USDC-100.json.gz
23549942,0xa8d4e03c7646e084c487818e44b889e8056f4b171aa4e88d48c95259c38e9073,2025-10-10T21:14:47Z,3696.261384324845,3754.41025254533,3819.0395211490936,3753.61,0.99978685,24,47664,129127208515966880106,1760130863,3713.881049,3694.126525,outputs/october-price-gap/23549942-1.json.gz,3705.9717886,3691.5674458000003,outputs/october-price-gap/23549942-10.json.gz,3678.0077973200005,3665.38879439,outputs/dense-crash/raw/23549942-WETH-USDC-100.json.gz
23549945,0x7b7b91c676b6636d6d8b08b1ed1175836bb2b4a2e2a062274f7a37eda6df60b8,2025-10-10T21:15:23Z,3773.8852409481487,3699.7281970652043,3819.0395211490936,3698.9396,0.99978685,24,47700,129127208515966880107,1760130899,3775.870393,3771.671326,outputs/october-price-gap/23549945-1.json.gz,3772.3067574,3768.7259591,outputs/october-price-gap/23549945-10.json.gz,3753.87659519,3740.27295497,outputs/dense-crash/raw/23549945-WETH-USDC-100.json.gz
23549948,0x69ee3c874028b9e40d473f9f2dc47c76063b1ab74e240f2d838a47204576f932,2025-10-10T21:15:59Z,3709.9976053853657,3699.7281970652043,3747.2739540027023,3698.9396,0.99978685,60,47736,129127208515966880107,1760130899,3761.294208,3707.870361,outputs/october-price-gap/23549948-1.json.gz,3740.9498925,3705.4209061,outputs/october-price-gap/23549948-10.json.gz,3716.58107881,3679.85815488,outputs/dense-crash/raw/23549948-WETH-USDC-100.json.gz
23549951,0x18f8315b41f0393056e7e77af77c3a1dbb08a0320f038ea7fecfb99fda62520f,2025-10-10T21:16:35Z,3696.849797742139,3734.686190771563,3704.241297122887,3733.89014241,0.99978685,0,47772,129127208515966880109,1760130995,3695.113562,3694.714,outputs/october-price-gap/23549951-1.json.gz,3692.8788134,3692.1497023999996,outputs/october-price-gap/23549951-10.json.gz,3676.65775678,3665.9886196800003,outputs/dense-crash/raw/23549951-WETH-USDC-100.json.gz
23549954,0x22ebbdedf2cc8ee4f4018cde4584d55d917756f5997a84fd22a305e79f35a84d,2025-10-10T21:17:11Z,3512.608031225447,3734.686190771563,3704.241297122887,3733.89014241,0.99978685,36,47808,129127208515966880109,1760130995,3674.284906,3510.551783,outputs/october-price-gap/23549954-1.json.gz,3668.2089438000003,3507.2625028,outputs/october-price-gap/23549954-10.json.gz,3647.54899686,3474.7627583599997,outputs/dense-crash/raw/23549954-WETH-USDC-100.json.gz
23549957,0x589d03264c3b0ba7d31f96ad0e82803a028ec41ca90079c65fbc7f8ea4218db8,2025-10-10T21:17:47Z,3609.3493126691255,3584.457032286432,3747.560358277801,3583.69300527,0.99978685,0,47844,129127208515966880110,1760131067,3637.66864,3607.25133,outputs/october-price-gap/23549957-1.json.gz,3631.9579394,3604.6136956,outputs/october-price-gap/23549957-10.json.gz,3609.37872018,3577.9558248,outputs/dense-crash/raw/23549957-WETH-USDC-100.json.gz
23549960,0x8232b6abfb4f0dfaa21ce6d5d8afdee1f2f4792b1674bb22fc3729e7de6fc5bf,2025-10-10T21:18:23Z,3551.6101379759043,3651.932194347225,3747.560358277801,3651.153785,0.99978685,12,47880,129127208515966880111,1760131091,3634.036352,3549.456772,outputs/october-price-gap/23549960-1.json.gz,3607.3303458,3546.0482791000004,outputs/october-price-gap/23549960-10.json.gz,3555.3885878700003,3513.9354417,outputs/dense-crash/raw/23549960-WETH-USDC-100.json.gz
23549963,0x2ce316cffbb05ee60792fa5d08e68ffca7f772e4525b44f7f54b38077d078318,2025-10-10T21:18:59Z,3444.556973588423,3595.3528714645527,3585.3371302672645,3594.586522,0.99978685,12,47916,129127208515966880112,1760131127,3636.234815,3442.487283,outputs/october-price-gap/23549963-1.json.gz,3591.8505342,3439.3644037999998,outputs/october-price-gap/23549963-10.json.gz,3486.8310367699996,3408.58088388,outputs/dense-crash/raw/23549963-WETH-USDC-100.json.gz
23549966,0x84f3f13724d20ec4fba2fa312bc33cc0f0f531d566cb7d50b2c5faf31a9c0e10,2025-10-10T21:19:35Z,3451.4220392030365,3595.3528714645527,3585.3371302672645,3594.586522,0.99978685,48,47952,129127208515966880112,1760131127,3505.059013,3449.339785,outputs/october-price-gap/23549966-1.json.gz,3478.4342074,3446.1779268,outputs/october-price-gap/23549966-10.json.gz,3446.67032018,3415.26752614,outputs/dense-crash/raw/23549966-WETH-USDC-100.json.gz
23549969,0xb176d819380cb233fd6ae5c4db5f6cbc7b4fa47f3c4683607c9a88da69d3b170,2025-10-10T21:20:11Z,3374.054999387681,3500.760627967851,3585.3371302672645,3500.01444084,0.99978685,0,47988,129127208515966880114,1760131211,3505.088819,3372.032791,outputs/october-price-gap/23549969-1.json.gz,3467.9954568000003,3369.0193663,outputs/october-price-gap/23549969-10.json.gz,3441.5951342999997,3339.08343934,outputs/dense-crash/raw/23549969-WETH-USDC-100.json.gz
23549972,0xbb321c1c691f9b61031e75ecd681360a448d542a8bc592be03d06a877a4e6dd9,2025-10-10T21:20:47Z,3439.5510362194586,3465.135193566509,3585.3371302672645,3464.3966,0.99978685,0,48024,129127208515966880115,1760131247,3505.335448,3437.484803,outputs/october-price-gap/23549972-1.json.gz,3461.2009038999995,3434.3732692999997,outputs/october-price-gap/23549972-10.json.gz,3436.99736006,3403.6748768199996,outputs/dense-crash/raw/23549972-WETH-USDC-100.json.gz
23549975,0xb75f510f7f936391aab6ce90952bdd02802e025c7947d7c54b8ff803a3b89f90,2025-10-10T21:21:23Z,3394.8914871740253,3465.135193566509,3549.590413555911,3464.3966,0.99978685,36,48060,129127208515966880115,1760131247,3460.352839,3392.855165,outputs/october-price-gap/23549975-1.json.gz,3428.1571771000004,3389.8088510000002,outputs/october-price-gap/23549975-10.json.gz,3377.42830338,3359.65504243,outputs/dense-crash/raw/23549975-WETH-USDC-100.json.gz
23549978,0x5fffe65f73997b207243cdcba69614e71cf0770a5be3fc01caaa299a5645e055,2025-10-10T21:21:59Z,3308.4631787670473,3524.1486600368867,3549.590413555911,3523.39748775,0.99978685,24,48096,129127208515966880116,1760131295,3531.085612,3306.473054,outputs/october-price-gap/23549978-1.json.gz,3526.3928346000002,3303.4530845,outputs/october-price-gap/23549978-10.json.gz,3502.4986406,3271.83219789,outputs/dense-crash/raw/23549978-WETH-USDC-100.json.gz
23549981,0x010d48b80fa1e13e4cef08c52f9017a923165d94288c37e8ff2ef2b0ea6ad67c,2025-10-10T21:22:35Z,3359.9884833380993,3524.1486600368867,3457.424504930417,3523.39748775,0.99978685,60,48132,129127208515966880116,1760131295,3481.264783,3357.975547,outputs/october-price-gap/23549981-1.json.gz,3416.4720208,3354.9821249,outputs/october-price-gap/23549981-10.json.gz,3350.69425085,3325.02048924,outputs/dense-crash/raw/23549981-WETH-USDC-100.json.gz
23549984,0xbde45cbcf413e2f082aaedbd57c18cd0e6505a88cee4578980e725d6bc9c5443,2025-10-10T21:23:11Z,3328.4203556129696,3524.1486600368867,3457.424504930417,3523.39748775,0.99978685,96,48168,129127208515966880116,1760131295,3589.236057,3326.427244,outputs/october-price-gap/23549984-1.json.gz,3463.3631569,3323.3958747999995,outputs/october-price-gap/23549984-10.json.gz,3332.7721957100002,3292.49882272,outputs/dense-crash/raw/23549984-WETH-USDC-100.json.gz
23549987,0x932ec933f7505f02aab9cfea539045d47ad10b92f104a2d2c276ade3d1812182,2025-10-10T21:23:47Z,3336.54256575155,3524.1486600368867,3457.424504930417,3523.39748775,0.99978685,132,48204,129127208515966880116,1760131295,3408.893013,3334.544095,outputs/october-price-gap/23549987-1.json.gz,3367.5232225,3331.5756410000004,outputs/october-price-gap/23549987-10.json.gz,3322.3466212400003,3301.00523713,outputs/dense-crash/raw/23549987-WETH-USDC-100.json.gz
23549990,0x6a653b3ac704e375d7c9ae8a684b018f6731e0ac746131629d516cbffd89aa0f,2025-10-10T21:24:23Z,3621.797681585188,3667.2392931853424,3457.424504930417,3666.45762113,0.99978685,12,48240,129127208515966880117,1760131451,3619.708666,3619.692237,outputs/october-price-gap/23549990-1.json.gz,3617.4909926,3617.0434784999998,outputs/october-price-gap/23549990-10.json.gz,3597.67888017,3590.6094916399998,outputs/dense-crash/raw/23549990-WETH-USDC-100.json.gz
23549993,0xc588fa6e4f777470dd805682556262c69072f287db823021e22b2d394cbecd33,2025-10-10T21:24:59Z,3312.315408987201,3667.2392931853424,3457.424504930417,3666.45762113,0.99978685,48,48276,129127208515966880117,1760131451,3572.152336,3310.322976,outputs/october-price-gap/23549993-1.json.gz,3445.4129055,3307.298264,outputs/october-price-gap/23549993-10.json.gz,3324.6543393399998,3275.84890191,outputs/dense-crash/raw/23549993-WETH-USDC-100.json.gz
23549996,0x1ba955818ae7468457ff1902a5b73ec12dd52c3f9f31dbdf000d47c0ccec2377,2025-10-10T21:25:35Z,3308.9406035913557,3642.6582779619475,3655.288938262725,3641.88184535,0.99978685,0,48312,129127208515966880119,1760131535,3398.458584,3306.950167,outputs/october-price-gap/23549996-1.json.gz,3336.6642485999996,3303.9295444000004,outputs/october-price-gap/23549996-10.json.gz,3295.0301882100002,3272.3306653100003,outputs/dense-crash/raw/23549996-WETH-USDC-100.json.gz
23549999,0x6a5f1d46fd840938979ff7afe5093fe64db85b4d1ad8c211a27d129947c04bec,2025-10-10T21:26:11Z,3379.3225657074768,3642.6582779619475,3655.288938262725,3641.88184535,0.99978685,36,48348,129127208515966880119,1760131535,3404.315029,3377.295843,outputs/october-price-gap/23549999-1.json.gz,3377.9003915000003,3374.2656029,outputs/october-price-gap/23549999-10.json.gz,3361.53614243,3344.2978723700003,outputs/dense-crash/raw/23549999-WETH-USDC-100.json.gz
23550002,0x93d3c36b98ecce18b336dfbd22a840390074b69b236a9591a374ba1a1a92e4b6,2025-10-10T21:26:47Z,3399.4973299613653,3642.6582779619475,3655.288938262725,3641.88184535,0.99978685,72,48384,129127208515966880119,1760131535,3551.043968,3397.457946,outputs/october-price-gap/23550002-1.json.gz,3513.2450715,3394.4046149,outputs/october-price-gap/23550002-10.json.gz,3400.8393117699998,3364.18660824,outputs/dense-crash/raw/23550002-WETH-USDC-100.json.gz
23550005,0x85894532155be05a35fcf03ca469a9ae78ad29f671884b4f8a1776e6f3041e50,2025-10-10T21:27:23Z,3363.476409244851,3642.6582779619475,3630.8227515533285,3641.88184535,0.99978685,108,48420,129127208515966880119,1760131535,3564.273626,3361.461281,outputs/october-price-gap/23550005-1.json.gz,3547.292351,3358.463471,outputs/october-price-gap/23550005-10.json.gz,3418.8841122100002,3328.52811786,outputs/dense-crash/raw/23550005-WETH-USDC-100.json.gz
23550008,0xd25038ff3a5b0ad1ed482ed31fd9b3717f17dc9958bdd2155fb8a67fc2963fa2,2025-10-10T21:27:59Z,3363.476409244851,3571.8906560433356,3630.8227515533285,3571.12930755,0.99978685,0,48456,129127208515966880121,1760131679,3425.111246,3361.461281,outputs/october-price-gap/23550008-1.json.gz,3384.1391338000003,3358.463471,outputs/october-price-gap/23550008-10.json.gz,3364.65812967,3328.52811786,outputs/dense-crash/raw/23550008-WETH-USDC-100.json.gz
23550011,0x12ce27d1e14eb9cfd8b9abec94f453ac998b2fa6539861d368da2650be3f3948,2025-10-10T21:28:35Z,3332.0527536814225,3571.8906560433356,3608.1453108266205,3571.12930755,0.99978685,36,48492,129127208515966880121,1760131679,3425.25801,3330.057287,outputs/october-price-gap/23550011-1.json.gz,3356.6796256000002,3327.0853411999997,outputs/october-price-gap/23550011-10.json.gz,3321.59304767,3296.31636085,outputs/dense-crash/raw/23550011-WETH-USDC-100.json.gz
23550014,0xe965fbe57e7a5ede11e8ddb27a7cc2b28d0e954c8604713225ae796d2ae67d06,2025-10-10T21:29:11Z,3337.203211295996,3571.8906560433356,3608.1453108266205,3571.12930755,0.99978685,72,48528,129127208515966880121,1760131679,3408.995171,3335.204313,outputs/october-price-gap/23550014-1.json.gz,3367.8742509000003,3332.2348654,outputs/october-price-gap/23550014-10.json.gz,3327.0453654300004,3301.69237282,outputs/dense-crash/raw/23550014-WETH-USDC-100.json.gz
23550017,0xc2a5d6f32a5c0ccf86980fddd6fd51ba505468b9718469ea3f90da44ab463f73,2025-10-10T21:29:47Z,3339.271386665621,3571.8906560433356,3571.030735549756,3571.12930755,0.99978685,108,48564,129127208515966880121,1760131679,3467.79189,3337.271227,outputs/october-price-gap/23550017-1.json.gz,3419.0125243,3334.2990718,outputs/october-price-gap/23550017-10.json.gz,3368.43241536,3303.8394163999997,outputs/dense-crash/raw/23550017-WETH-USDC-100.json.gz
23550020,0x8b495f6d13a48ce9420ebb269f2e52e5fd0d752083f7db37f7ec45eafb99d84d,2025-10-10T21:30:23Z,3345.710270133754,3571.8906560433356,3571.030735549756,3571.12930755,0.99978685,144,48600,129127208515966880121,1760131679,3519.174249,3343.706615,outputs/october-price-gap/23550020-1.json.gz,3467.1597804999997,3340.7291318000002,outputs/october-price-gap/23550020-10.json.gz,3359.01044273,3310.48646768,outputs/dense-crash/raw/23550020-WETH-USDC-100.json.gz
23550023,0xa5343136e12d95a9e91e14778f7ef77a0c6b2e4531d84e8a2ef29dcc6ecaa791,2025-10-10T21:30:59Z,3362.5113283687915,3571.8906560433356,3602.1789457000737,3571.12930755,0.99978685,180,48636,129127208515966880121,1760131679,3416.63322,3360.496826,outputs/october-price-gap/23550023-1.json.gz,3364.7339853,3357.5001744,outputs/october-price-gap/23550023-10.json.gz,3345.0218796900003,3327.55912085,outputs/dense-crash/raw/23550023-WETH-USDC-100.json.gz
23550026,0xf6ce9802044672d899d9c51e15332592e007a5f702971aea6074a6c0fb017493,2025-10-10T21:31:35Z,3360.4140505248483,3597.5356775796763,3602.1789457000737,3596.76886285,0.99978685,12,48672,129127208515966880122,1760131883,3399.905931,3358.400838,outputs/october-price-gap/23550026-1.json.gz,3370.8134026,3355.4068333000005,outputs/october-price-gap/23550026-10.json.gz,3345.7723554000004,3325.44925032,outputs/dense-crash/raw/23550026-WETH-USDC-100.json.gz
23550029,0x63c5bc426e2183aa5378331ede70d4a0d394bf21356e060de9b5257f41fb3deb,2025-10-10T21:32:23Z,3370.7005565834556,3678.722541669757,3638.838935043055,3677.93842196,0.99978685,0,48720,129127208515966880123,1760131943,3405.192958,3368.680587,outputs/october-price-gap/23550029-1.json.gz,3376.2678597,3365.6727232999997,outputs/october-price-gap/23550029-10.json.gz,3349.51326521,3335.74577635,outputs/dense-crash/raw/23550029-WETH-USDC-100.json.gz
23550032,0xf9d0149adcf674aa8d2103274f8e28c8a240c3e245e0a1c1fba3408c1b99d4e9,2025-10-10T21:32:59Z,3381.290612797922,3733.4683736038337,3638.838935043055,3732.67258482,0.99978685,12,48756,129127208515966880124,1760131967,3410.440345,3379.262611,outputs/october-price-gap/23550032-1.json.gz,3388.0811063,3376.2291794,outputs/october-price-gap/23550032-10.json.gz,3364.7165309899997,3346.2430571500004,outputs/dense-crash/raw/23550032-WETH-USDC-100.json.gz
23550035,0x6800d8b533e34f802056dbf34a39b7646b5f7f47fe265441da96a3440d063911,2025-10-10T21:33:35Z,3363.776925816453,3733.4683736038337,3658.1098786389302,3732.67258482,0.99978685,48,48792,129127208515966880124,1760131967,3402.340923,3361.761603,outputs/october-price-gap/23550035-1.json.gz,3378.0508814,3358.7634276999997,outputs/october-price-gap/23550035-10.json.gz,3362.92995656,3328.8296047599997,outputs/dense-crash/raw/23550035-WETH-USDC-100.json.gz
23550038,0x54f017a6d21e71ec2c6418efa471df30f726a1c4afbcc9be9d1e5d40a9c2ca55,2025-10-10T21:34:11Z,3408.5832756933664,3733.4683736038337,3658.1098786389302,3732.67258482,0.99978685,84,48828,129127208515966880124,1760131967,3421.649108,3406.543952,outputs/october-price-gap/23550038-1.json.gz,3407.7346748000004,3403.5428373000004,outputs/october-price-gap/23550038-10.json.gz,3393.7686958599998,3373.24795292,outputs/dense-crash/raw/23550038-WETH-USDC-100.json.gz
23550041,0x4f5756cedbed7c705b5be457770825260d44a41ce51cf4330cb6665819b9c4c7,2025-10-10T21:34:47Z,3389.678064354573,3733.4683736038337,3658.1098786389302,3732.67258482,0.99978685,120,48864,129127208515966880124,1760131967,3407.978144,3387.645327,outputs/october-price-gap/23550041-1.json.gz,3387.4465735999997,3384.6036599,outputs/october-price-gap/23550041-10.json.gz,3374.12894556,3354.51952102,outputs/dense-crash/raw/23550041-WETH-USDC-100.json.gz
23550044,0x2742795d478dfa176d81f5595fe2a49f658f23fcf85ce7886ead8c83c7816d01,2025-10-10T21:35:23Z,3375.803215831202,3765.112533736566,3718.7543190243073,3764.31,0.99978685,0,48900,129127208515966880125,1760132123,3420.091875,3373.77867,outputs/october-price-gap/23550044-1.json.gz,3401.8727922999997,3370.7597029,outputs/october-price-gap/23550044-10.json.gz,3372.3526432800004,3340.8161381299997,outputs/dense-crash/raw/23550044-WETH-USDC-100.json.gz
23550047,0x0529acfb881cd619b21b67f1dcdf5fa38fd430eebf900bad86bf4514ba2d60d3,2025-10-10T21:35:59Z,3403.114611858929,3765.112533736566,3760.803074416155,3764.31,0.99978685,36,48936,129127208515966880125,1760132123,3431.667706,3401.077386,outputs/october-price-gap/23550047-1.json.gz,3420.5487378,3398.0325772999995,outputs/october-price-gap/23550047-10.json.gz,3406.85346433,3367.76527189,outputs/dense-crash/raw/23550047-WETH-USDC-100.json.gz
23550050,0xf949f80d941210e834c0e0fdbee7c521eb7e45b3d4ad8ee94f73d71bd5bd8d7a,2025-10-10T21:36:35Z,3403.114611858929,3765.112533736566,3760.803074416155,3764.31,0.99978685,72,48972,129127208515966880125,1760132123,3421.864621,3401.077386,outputs/october-price-gap/23550050-1.json.gz,3406.7112738999995,3398.0325772999995,outputs/october-price-gap/23550050-10.json.gz,3390.4538834200002,3367.76527189,outputs/dense-crash/raw/23550050-WETH-USDC-100.json.gz
23550053,0x2cd71716b88df1df1f7b5cafa0e9f21ecdb58a47b9ab7cb244db0c2d5a6f56ce,2025-10-10T21:37:11Z,3408.726091567008,3753.530161658131,3760.803074416155,3764.31,1.00287192,108,0,129127208515966880125,1760132123,3426.399896,3406.685548,outputs/october-price-gap/23550053-1.json.gz,3408.928584,3403.6842785,outputs/october-price-gap/23550053-10.json.gz,3389.99331805,3373.38973941,outputs/dense-crash/raw/23550053-WETH-USDC-100.json.gz
23550056,0x586cad7573423a0ba640031639a7a80da903c76f920a96493b20345275c921ca,2025-10-10T21:37:47Z,3455.941272117101,3753.530161658131,3725.058298692334,3764.31,1.00287192,144,36,129127208515966880125,1760132123,3715.823179,3453.859185,outputs/october-price-gap/23550056-1.json.gz,3705.8121031,3450.6655982999996,outputs/october-price-gap/23550056-10.json.gz,3634.81286475,3419.62679422,outputs/dense-crash/raw/23550056-WETH-USDC-100.json.gz
23550059,0x705937e7284caefd14813565357cc8e751e758544082cb1dd191f036c820cda8,2025-10-10T21:38:23Z,3480.0332461891826,3753.530161658131,3725.058298692334,3764.31,1.00287192,180,72,129127208515966880125,1760132123,3531.739219,3477.930798,outputs/october-price-gap/23550059-1.json.gz,3492.4555116,3474.6662383000003,outputs/october-price-gap/23550059-10.json.gz,3459.0643638,3443.02054,outputs/dense-crash/raw/23550059-WETH-USDC-100.json.gz
23550062,0x356b27fb45869698339d47e67df81f16e83614005250eecfa440e22f846e692a,2025-10-10T21:38:59Z,3472.3762882076617,3706.320145049031,3725.058298692334,3716.9644,1.00287192,12,108,129127208515966880126,1760132327,3531.739219,3470.287739,outputs/october-price-gap/23550062-1.json.gz,3495.4238223,3467.1148364,outputs/october-price-gap/23550062-10.json.gz,3458.90913589,3435.6504702400002,outputs/dense-crash/raw/23550062-WETH-USDC-100.json.gz
23550065,0x0e4e28e6891e3def3faf424d0229fd411fcb3f70a0add36290d8ead30bd0a627,2025-10-10T21:39:35Z,3518.377831075726,3706.320145049031,3725.058298692334,3716.9644,1.00287192,48,144,129127208515966880126,1760132327,3531.739219,3516.324075,outputs/october-price-gap/23550065-1.json.gz,3515.7463989000003,3513.6753304999997,outputs/october-price-gap/23550065-10.json.gz,3489.62758607,3481.7275358399997,outputs/dense-crash/raw/23550065-WETH-USDC-100.json.gz
23550068,0xbc771e4a4cbac8b17d5bdafc8d8cb663daf356b60733a9631fb61fb9a298bdc1,2025-10-10T21:40:11Z,3513.746012665031,3706.320145049031,3736.2511784475864,3716.9644,1.00287192,84,180,129127208515966880126,1760132327,3531.739219,3511.695199,outputs/october-price-gap/23550068-1.json.gz,3511.2803030000005,3508.6434388000002,outputs/october-price-gap/23550068-10.json.gz,3484.17118189,3476.14597327,outputs/dense-crash/raw/23550068-WETH-USDC-100.json.gz
23550071,0xc62339ee9849fcf720da0c97b12bd98d4308cfc8691989092ac87ccded9f53da,2025-10-10T21:40:47Z,3516.9258272396414,3706.320145049031,3713.8918155497804,3716.9644,1.00287192,120,216,129127208515966880126,1760132327,3539.831106,3514.87298,outputs/october-price-gap/23550071-1.json.gz,3524.1275406,3512.1973712999998,outputs/october-price-gap/23550071-10.json.gz,3494.77798411,3479.98618731,outputs/dense-crash/raw/23550071-WETH-USDC-100.json.gz
23550074,0x2d6426b1567fddea2a6ec0bbe791a7d15b581ac658e2860f9bd8d14b5c125e19,2025-10-10T21:41:23Z,3494.776299784948,3706.320145049031,3713.8918155497804,3716.9644,1.00287192,156,252,129127208515966880126,1760132327,3541.593473,3492.670435,outputs/october-price-gap/23550074-1.json.gz,3527.3716901,3489.4675593,outputs/october-price-gap/23550074-10.json.gz,3501.21247324,3457.41496164,outputs/dense-crash/raw/23550074-WETH-USDC-100.json.gz
23550077,0x134d000ce7bd3baf281706ffb3cd39602890326b2ef73d90fee3180697ab2d1f,2025-10-10T21:41:59Z,3495.086430185742,3706.320145049031,3713.8918155497804,3716.9644,1.00287192,192,288,129127208515966880126,1760132327,3531.652283,3492.976125,outputs/october-price-gap/23550077-1.json.gz,3506.3826369000003,3489.7704404999995,outputs/october-price-gap/23550077-10.json.gz,3483.44622931,3457.7154480199997,outputs/dense-crash/raw/23550077-WETH-USDC-100.json.gz
23550080,0x7a4ce41c76b7a8721997378d238d32ef35f9b7a229507a6605593e310972b5a2,2025-10-10T21:42:35Z,3509.9463927847446,3716.700811578443,3713.8918155497804,3716.9644,1.00007092,228,12,129127208515966880126,1760132327,3523.894331,3507.822551,outputs/october-price-gap/23550080-1.json.gz,3511.8369278,3504.4947224000002,outputs/october-price-gap/23550080-10.json.gz,3486.39246276,3472.07807323,outputs/dense-crash/raw/23550080-WETH-USDC-100.json.gz
23550083,0x1b53973fe7e2fa30b47a0860fc9f7081c35ae59988787eaf695b200003890ce8,2025-10-10T21:43:11Z,3535.048679554065,3738.1145929130707,3713.8918155497804,3738.3797,1.00007092,24,48,129127208515966880127,1760132567,3562.654848,3532.905398,outputs/october-price-gap/23550083-1.json.gz,3551.4769883,3529.5292513,outputs/october-price-gap/23550083-10.json.gz,3515.2952912899996,3498.40215592,outputs/dense-crash/raw/23550083-WETH-USDC-100.json.gz
23550086,0x6047edcb55e32fe0494bf5742e7a8f25a659298821475bebecc654b97d292f5f,2025-10-10T21:43:47Z,3541.549886736801,3738.1145929130707,3713.8918155497804,3738.3797,1.00007092,60,84,129127208515966880127,1760132567,3546.323176,3539.402062,outputs/october-price-gap/23550086-1.json.gz,3538.7716330000003,3536.0140566,outputs/october-price-gap/23550086-10.json.gz,3516.04954321,3504.49240193,outputs/dense-crash/raw/23550086-WETH-USDC-100.json.gz
23550089,0xdd0b133f1db7f9f1bad2920ab9bbc897f1483b5a978a4a62a9a4b75e33a01c6b,2025-10-10T21:44:23Z,3556.0625143226803,3738.1145929130707,3734.57658534302,3738.3797,1.00007092,96,120,129127208515966880127,1760132567,3553.906464,3553.906464,outputs/october-price-gap/23550089-1.json.gz,3551.0166541,3550.5048703,outputs/october-price-gap/23550089-10.json.gz,3528.8082861999997,3518.13686002,outputs/dense-crash/raw/23550089-WETH-USDC-100.json.gz
23550092,0xbcffdcdb22b16eee63415086ba6f6c0d07ddb9cef3b4a9e0b8a314547f51144c,2025-10-10T21:44:59Z,3543.269676997501,3802.2334362347024,3734.57658534302,3802.50309063,1.00007092,0,156,129127208515966880128,1760132699,3572.688591,3541.13136,outputs/october-price-gap/23550092-1.json.gz,3568.1163294999997,3537.8355252,outputs/october-price-gap/23550092-10.json.gz,3541.5088823600004,3507.05501034,outputs/dense-crash/raw/23550092-WETH-USDC-100.json.gz
23550095,0x946c00be07060468c9d9dd59e3663f5b5f90b58e0c874ba30f60978203aa39e7,2025-10-10T21:45:35Z,3582.124093380066,3802.2334362347024,3734.57658534302,3802.50309063,1.00007092,36,192,129127208515966880128,1760132699,3633.533672,3580.046485,outputs/october-price-gap/23550095-1.json.gz,3629.1188837,3577.4696305999996,outputs/october-price-gap/23550095-10.json.gz,3596.01058682,3548.65467265,outputs/dense-crash/raw/23550095-WETH-USDC-100.json.gz
23550098,0xd6c67ba1f3a755a0c952f53c30c2092c3d2df00e46ab19e67fd8ab9cddf06b53,2025-10-10T21:46:11Z,3580.159544604796,3802.2334362347024,3803.4019563473585,3802.50309063,1.00007092,72,228,129127208515966880128,1760132699,3606.772575,3578.083154,outputs/october-price-gap/23550098-1.json.gz,3593.0165423,3575.5038392,outputs/october-price-gap/23550098-10.json.gz,3571.1730251299996,3546.41046461,outputs/dense-crash/raw/23550098-WETH-USDC-100.json.gz
23550101,0x3d6003dca3caed97a70169a83309d8271b8be22b1185b3275f01fedbd77bbf2f,2025-10-10T21:46:47Z,3576.017019056155,3802.2334362347024,3803.4019563473585,3802.50309063,1.00007092,108,264,129127208515966880128,1760132699,3595.113959,3573.937742,outputs/october-price-gap/23550101-1.json.gz,3584.7112018,3571.3051647,outputs/october-price-gap/23550101-10.json.gz,3570.79712631,3541.66498218,outputs/dense-crash/raw/23550101-WETH-USDC-100.json.gz
23550104,0x87b304c734336fe57e220a92f296a7083667ee01ff43fc31a98e0c437286bc76,2025-10-10T21:47:23Z,3613.0894129775475,3868.076842600323,3831.39684245072,3868.35116661,1.00007092,0,300,129127208515966880129,1760132843,3617.88676,3610.995412,outputs/october-price-gap/23550104-1.json.gz,3612.4537947999997,3608.4103679,outputs/october-price-gap/23550104-10.json.gz,3594.3055538699996,3582.49331481,outputs/dense-crash/raw/23550104-WETH-USDC-100.json.gz
23550107,0x3ecdba05e4dcd132a1a34fa3ab30b778689d61092bcf2cf49073a8518591795c,2025-10-10T21:47:59Z,3617.3988018377445,3868.076842600323,3869.0759989986054,3868.35116661,1.00007092,36,336,129127208515966880129,1760132843,3819.569461,3615.302399,outputs/october-price-gap/23550107-1.json.gz,3800.7683991999997,3612.7139166,outputs/october-price-gap/23550107-10.json.gz,3693.11024268,3586.8412361399996,outputs/dense-crash/raw/23550107-WETH-USDC-100.json.gz
23550110,0x603ca80aad403f6e86e65463aba11f15e621c5e6f66402b486bae633aec5b0fb,2025-10-10T21:48:35Z,3635.7811928770534,3824.787040103116,3869.0759989986054,3825.058294,1.00007092,0,372,129127208515966880130,1760132915,3788.169896,3633.674272,outputs/october-price-gap/23550110-1.json.gz,3772.9834865999997,3631.07825,outputs/october-price-gap/23550110-10.json.gz,3666.8582478000003,3605.21020252,outputs/dense-crash/raw/23550110-WETH-USDC-100.json.gz
23550113,0x10192b9a5328aca3255f0f44f5b77cafd7d3e5fc3127a0c9fbdae5951d4fbad5,2025-10-10T21:49:11Z,3649.9592890294243,3824.787040103116,3869.0759989986054,3825.058294,1.00007092,36,408,129127208515966880130,1760132915,3798.946767,3647.843623,outputs/october-price-gap/23550113-1.json.gz,3787.2964753,3645.2288654999998,outputs/october-price-gap/23550113-10.json.gz,3681.03529864,3619.26686142,outputs/dense-crash/raw/23550113-WETH-USDC-100.json.gz
23550116,0xbe6c6b36690b9e974648ba3612b7719549995c3969711dca55a4576e94e1d4e1,2025-10-10T21:49:47Z,3663.0080388852302,3824.787040103116,3834.113897217694,3825.058294,1.00007092,72,444,129127208515966880130,1760132915,3768.92337,3660.884269,outputs/october-price-gap/23550116-1.json.gz,3757.3689588,3658.2559936,outputs/october-price-gap/23550116-10.json.gz,3661.37573292,3632.17543518,outputs/dense-crash/raw/23550116-WETH-USDC-100.json.gz
23550119,0x6cc9fb4df9a4f4978a4c5efe051a39af4a8b0ffc4664ada6a8b97cb68eb509b5,2025-10-10T21:50:23Z,3688.7865542389236,3824.787040103116,3834.113897217694,3825.058294,1.00007092,108,480,129127208515966880130,1760132915,3790.890801,3686.664457,outputs/october-price-gap/23550119-1.json.gz,3774.3261782,3684.169546,outputs/october-price-gap/23550119-10.json.gz,3686.6692540599997,3658.28357158,outputs/dense-crash/raw/23550119-WETH-USDC-100.json.gz
23550122,0x3969ed5794b2cbc55b504e565f7bca47a23ebf07379f2e83851817d7550512b5,2025-10-10T21:50:59Z,3711.77356453268,3845.3738092294493,3834.113897217694,3845.64652314,1.00007092,12,516,129127208515966880131,1760133047,3758.264061,3709.650464,outputs/october-price-gap/23550122-1.json.gz,3714.8797927,3707.24718,outputs/october-price-gap/23550122-10.json.gz,3692.02080365,3682.31644517,outputs/dense-crash/raw/23550122-WETH-USDC-100.json.gz
23550125,0xee9a08c90037e4ef0fe3584cc2fb5a4ac4f87b35a74cac9db74c9499433fedca,2025-10-10T21:51:35Z,3763.4409118755893,3845.3738092294493,3834.113897217694,3845.64652314,1.00007092,48,552,129127208515966880131,1760133047,3778.67237,3761.235083,outputs/october-price-gap/23550125-1.json.gz,3768.8640353,3758.3037128000005,outputs/october-price-gap/23550125-10.json.gz,3743.4600738800004,3731.39901765,outputs/dense-crash/raw/23550125-WETH-USDC-100.json.gz
23550128,0xd606b030c57b2285e1988625b406f0ec1f58932bb777cdd307a5124a978afbea,2025-10-10T21:52:11Z,3787.136526180678,3873.9599545200253,3834.113897217694,3874.23469576,1.00007092,12,588,129127208515966880132,1760133119,3819.907035,3784.914712,outputs/october-price-gap/23550128-1.json.gz,3786.5074400999997,3781.9716104,outputs/october-price-gap/23550128-10.json.gz,3758.90587752,3753.21717839,outputs/dense-crash/raw/23550128-WETH-USDC-100.json.gz
23550131,0x6051105bba976b7733dd1dcd37f1074e3f18700459dc6ad5e35d9cf1be2e4af1,2025-10-10T21:52:47Z,3775.2835339281637,3916.3722508799674,3894.1682994467656,3916.65,1.00007092,24,624,129127208515966880133,1760133143,3831.294925,3773.07032,outputs/october-price-gap/23550131-1.json.gz,3820.6412167000003,3770.1836864999996,outputs/october-price-gap/23550131-10.json.gz,3765.7555368000003,3742.19421605,outputs/dense-crash/raw/23550131-WETH-USDC-100.json.gz
23550134,0x20116e8607f592acdb1b10223f6ee63e4a85a3e452638673883ece2a965386d5,2025-10-10T21:53:23Z,3793.3668617204544,3916.3722508799674,3894.1682994467656,3916.65,1.00007092,60,660,129127208515966880133,1760133143,3862.109816,3791.134429,outputs/october-price-gap/23550134-1.json.gz,3855.5213999,3788.119934,outputs/october-price-gap/23550134-10.json.gz,3803.27049482,3759.04361398,outputs/dense-crash/raw/23550134-WETH-USDC-100.json.gz
23550137,0x6f46a7caaaec9d19b5c84716afb74e645a9e648cc1088fb49bef444ec857fc68,2025-10-10T21:53:59Z,3782.8447255228984,3916.3722508799674,3894.1682994467656,3916.65,1.00007092,96,696,129127208515966880133,1760133143,3797.149967,3780.627006,outputs/october-price-gap/23550137-1.json.gz,3787.1393838000004,3777.6926668,outputs/october-price-gap/23550137-10.json.gz,3766.93207278,3749.1903320399997,outputs/dense-crash/raw/23550137-WETH-USDC-100.json.gz
23550140,0x3cf55d429f0c1213b08195040c0e5463b4761ae984857187eab96242626a8786,2025-10-10T21:54:35Z,3822.915984600841,3916.3722508799674,3925.415130506833,3916.65,1.00007092,132,732,129127208515966880133,1760133143,3842.838278,3820.744537,outputs/october-price-gap/23550140-1.json.gz,3836.4276266,3818.4062304,outputs/october-price-gap/23550140-10.json.gz,3827.28025898,3792.66314676,outputs/dense-crash/raw/23550140-WETH-USDC-100.json.gz
23550143,0x386a4605b1a0ef2f61332e89c89ea978b3d1bf28366ec1818eec8e85d22f3f6f,2025-10-10T21:55:11Z,3817.9417842133444,3916.3722508799674,3900.3575903791807,3916.65,1.00007092,168,768,129127208515966880133,1760133143,3825.590281,3815.773331,outputs/october-price-gap/23550143-1.json.gz,3818.0973786000004,3813.4309712000004,outputs/october-price-gap/23550143-10.json.gz,3808.3750706600003,3786.8818136699997,outputs/dense-crash/raw/23550143-WETH-USDC-100.json.gz
23550146,0x48b40c3b6994883c31c855df76f9bf9b7c239f48db0c817c63c01f152172d16e,2025-10-10T21:55:47Z,3827.014989912635,3895.6125231598576,3900.3575903791807,3895.8888,1.00007092,24,804,129127208515966880134,1760133323,3876.206379,3824.841432,outputs/october-price-gap/23550146-1.json.gz,3865.1172362999996,3822.5020711999996,outputs/october-price-gap/23550146-10.json.gz,3809.88270074,3797.33468887,outputs/dense-crash/raw/23550146-WETH-USDC-100.json.gz
23550149,0x2d3bc4c47bfee30b6d6a1736612d2e4f90c1192775ade0c40721878a9be914f3,2025-10-10T21:56:23Z,3811.1543188414794,3895.6125231598576,3900.3575903791807,3895.8888,1.00007092,60,840,129127208515966880134,1760133323,3995.098092,3808.987924,outputs/october-price-gap/23550149-1.json.gz,3975.0419097999998,3806.641463,outputs/october-price-gap/23550149-10.json.gz,3841.59592238,3778.82808732,outputs/dense-crash/raw/23550149-WETH-USDC-100.json.gz
23550152,0xc95b5657044806a49fd810cb8d2eb9962f6a8f399a96e53289d715b77ecbddbb,2025-10-10T21:56:59Z,3820.018986402274,3895.6125231598576,3921.68310794465,3895.8888,1.00007092,96,876,129127208515966880134,1760133323,3832.3076,3817.849282,outputs/october-price-gap/23550152-1.json.gz,3820.3081764000003,3815.5123588,outputs/october-price-gap/23550152-10.json.gz,3812.7267943999996,3789.3121429099997,outputs/dense-crash/raw/23550152-WETH-USDC-100.json.gz
23550155,0xb2af93abd21b4e5d3e10c06daa37acd92fd31871a12a0cbe9da29c38db6487f5,2025-10-10T21:57:35Z,3820.018986402274,3962.373717455958,3921.68310794465,3962.654729,1.00007092,12,912,129127208515966880136,1760133443,3832.341241,3817.850679,outputs/october-price-gap/23550155-1.json.gz,3828.8895566,3815.5263648,outputs/october-price-gap/23550155-10.json.gz,3824.7938080699996,3789.50299757,outputs/dense-crash/raw/23550155-WETH-USDC-100.json.gz
23550158,0x9dc81e6503a19460aa691c032dc1656c72f925960896a9de013bcebe8323048f,2025-10-10T21:58:11Z,3830.02156445308,3962.373717455958,3952.925108241169,3962.654729,1.00007092,48,948,129127208515966880136,1760133443,3871.650228,3827.847595,outputs/october-price-gap/23550158-1.json.gz,3865.271486,3825.5185459,outputs/october-price-gap/23550158-10.json.gz,3836.5284900300003,3800.8838394199997,outputs/dense-crash/raw/23550158-WETH-USDC-100.json.gz
23550161,0x90c841c726866f8f8549cee4825d24b69f209b7f6e40e2c01e9491474e7217d7,2025-10-10T21:58:47Z,3840.977444525615,3962.373717455958,3952.925108241169,3962.654729,1.00007092,84,984,129127208515966880136,1760133443,3838.92672,3838.796155,outputs/october-price-gap/23550161-1.json.gz,3836.5993341000003,3836.4830392000003,outputs/october-price-gap/23550161-10.json.gz,3829.96110894,3813.1711221,outputs/dense-crash/raw/23550161-WETH-USDC-100.json.gz
23550164,0x8371f6f1211e107963363bee91045ac298d4541aefb10f65bb16747d8c25f88b,2025-10-10T21:59:23Z,3847.0381442615594,3962.373717455958,3952.925108241169,3962.654729,1.00007092,120,1020,129127208515966880136,1760133443,3847.056354,3844.85293,outputs/october-price-gap/23550164-1.json.gz,3844.6335231,3842.5042684,outputs/october-price-gap/23550164-10.json.gz,3831.7505140499998,3819.4049655,outputs/dense-crash/raw/23550164-WETH-USDC-100.json.gz
23550167,0xda148c7c1b024c12194e8d737d2467aa11510403a302fa75d58dd532399812e0,2025-10-10T21:59:59Z,3847.3661038320365,3962.373717455958,3952.925108241169,3962.654729,1.00007092,156,1056,129127208515966880136,1760133443,3863.960374,3845.180502,outputs/october-price-gap/23550167-1.json.gz,3857.5163423999998,3842.8309053999997,outputs/october-price-gap/23550167-10.json.gz,3835.33774197,3819.73562917,outputs/dense-crash/raw/23550167-WETH-USDC-100.json.gz
23550170,0x81024980cdd7930237008f2b40446bdeaa74e3fe2d914384374acb451bc1fb9e,2025-10-10T22:00:35Z,3858.4586898456528,3962.373717455958,3952.925108241169,3962.654729,1.00007092,192,1092,129127208515966880136,1760133443,3864.774449,3856.268318,outputs/october-price-gap/23550170-1.json.gz,3862.0160115999997,3853.9195038,outputs/october-price-gap/23550170-10.json.gz,3853.8341644300003,3830.73027978,outputs/dense-crash/raw/23550170-WETH-USDC-100.json.gz
23550173,0xf29ee03ce5b808037d25557e80f59257c425f080124fd54526f174d0a00627bf,2025-10-10T22:01:11Z,3860.9522407574664,3962.373717455958,3952.925108241169,3962.654729,1.00007092,228,1128,129127208515966880136,1760133443,3868.716639,3858.760389,outputs/october-price-gap/23550173-1.json.gz,3863.3028209999998,3856.4095178000002,outputs/october-price-gap/23550173-10.json.gz,3853.61207185,3833.18848328,outputs/dense-crash/raw/23550173-WETH-USDC-100.json.gz
23550176,0x6aa69e81ee184c4b443b3e6b978b4ece2ec9fc1c3f1fa16727c477917584aa94,2025-10-10T22:01:47Z,3868.7952737532387,3962.373717455958,3952.925108241169,3962.654729,1.00007092,264,1164,129127208515966880136,1760133443,3875.400974,3866.60023,outputs/october-price-gap/23550176-1.json.gz,3872.7444617,3864.2525943,outputs/october-price-gap/23550176-10.json.gz,3860.36070457,3840.92669047,outputs/dense-crash/raw/23550176-WETH-USDC-100.json.gz
23550179,0xbce8a742130a8a0d2564b217efdb029cf367a1d48cb0909b2d5a54f641462a79,2025-10-10T22:02:23Z,3890.6623351725193,3962.373717455958,3952.925108241169,3962.654729,1.00007092,300,1200,129127208515966880136,1760133443,3898.813604,3888.455245,outputs/october-price-gap/23550179-1.json.gz,3891.0076813,3886.1003243,outputs/october-price-gap/23550179-10.json.gz,3873.12221973,3862.5759294399995,outputs/dense-crash/raw/23550179-WETH-USDC-100.json.gz
23550182,0x7aeb28907a58882783a9ac0fb86925f1032d070dfbf45e5b36cf91c8c962e8a0,2025-10-10T22:02:59Z,3905.2976062676144,3962.373717455958,3952.925108241169,3962.654729,1.00007092,336,1236,129127208515966880136,1760133443,3903.091902,3903.091902,outputs/october-price-gap/23550182-1.json.gz,3901.0446483,3900.8144805999996,outputs/october-price-gap/23550182-10.json.gz,3885.6296680200003,3877.4882171,outputs/dense-crash/raw/23550182-WETH-USDC-100.json.gz
23550185,0x5063599290a4257685f6d3f7efcd65667cf4bd17fbd3393c6c1915fc526af9eb,2025-10-10T22:03:35Z,3893.980473832073,3937.2707687570796,3932.9967102260493,3937.55,1.00007092,12,1272,129127208515966880137,1760133803,3910.21327,3891.778432,outputs/october-price-gap/23550185-1.json.gz,3907.3464913000003,3889.4337621,outputs/october-price-gap/23550185-10.json.gz,3885.99078794,3865.90535723,outputs/dense-crash/raw/23550185-WETH-USDC-100.json.gz
23550188,0x613bd1a6ebbf8efe47017c722bbb8ac6a419cd883f7e422ee5cb1b21728989de,2025-10-10T22:04:11Z,3897.023325526081,3937.2707687570796,3932.9967102260493,3937.55,1.00007092,48,1308,129127208515966880137,1760133803,3906.903801,3894.819463,outputs/october-price-gap/23550188-1.json.gz,3903.6359585,3892.5183031,outputs/october-price-gap/23550188-10.json.gz,3892.69980194,3869.0165273099997,outputs/dense-crash/raw/23550188-WETH-USDC-100.json.gz
23550191,0x4f58d99f9bb20f8a12adec50ee288448983e3b5b0402779d452faf76d4bd96fc,2025-10-10T22:04:47Z,3882.8861353897737,3937.2707687570796,3932.9967102260493,3937.55,1.00007092,84,1344,129127208515966880137,1760133803,3903.531139,3880.682922,outputs/october-price-gap/23550191-1.json.gz,3894.1293863,3878.3264977999997,outputs/october-price-gap/23550191-10.json.gz,3881.5785629899997,3854.84951859,outputs/dense-crash/raw/23550191-WETH-USDC-100.json.gz
23550192,0x421e085a31e315c2358ad8769965950726e92f73b94b35e8c0fa0695bd3d214c,2025-10-10T22:04:59Z,3907.5487836841926,3906.9099499663484,3932.9967102260493,3907.18702802,1.00007092,0,1356,129127208515966880138,1760133899,3905.341741,3905.341741,outputs/october-price-gap/23550192-1.json.gz,3903.0635957,3903.0635957,outputs/october-price-gap/23550192-10.json.gz,3884.59575235,3879.79519026,outputs/dense-crash/raw/23550192-WETH-USDC-100.json.gz
