block,blockHash,timestamp,chainlink,aave,eth1,eth10,eth100,weth1,weth10,weth100
23549939,0x965cc1fbaaa1e134a5ed4649e8d55ed10f791577059e86b2bd1f95822d2ddf12,2025-10-10T21:14:11Z,3716.8488537531775,3846.129144020368,3759.910802,3740.9874249,3706.71569512,3750.501078,3743.4869074,3710.29870634
23549942,0xa8d4e03c7646e084c487818e44b889e8056f4b171aa4e88d48c95259c38e9073,2025-10-10T21:14:47Z,3754.41025254533,3819.0395211490936,3748.882474,3719.5685308,3664.0725487,3713.881049,3705.9717886,3678.00779732
23549945,0x7b7b91c676b6636d6d8b08b1ed1175836bb2b4a2e2a062274f7a37eda6df60b8,2025-10-10T21:15:23Z,3699.7281970652043,3819.0395211490936,3778.912592,3767.6844341,3739.37507916,3775.870393,3772.3067574,3753.87659519
23549948,0x69ee3c874028b9e40d473f9f2dc47c76063b1ab74e240f2d838a47204576f932,2025-10-10T21:15:59Z,3699.7281970652043,3747.2739540027023,3756.207732,3725.8057277,3702.58545319,3761.294208,3740.9498925,3716.58107881
23549951,0x18f8315b41f0393056e7e77af77c3a1dbb08a0320f038ea7fecfb99fda62520f,2025-10-10T21:16:35Z,3734.686190771563,3704.241297122887,3674.906085,3663.0035681,3637.89675654,3695.113562,3692.8788134,3676.65775678
23549954,0x22ebbdedf2cc8ee4f4018cde4584d55d917756f5997a84fd22a305e79f35a84d,2025-10-10T21:17:11Z,3734.686190771563,3704.241297122887,3673.389538,3658.4769477,3627.24977607,3674.284906,3668.2089438,3647.54899686
23549957,0x589d03264c3b0ba7d31f96ad0e82803a028ec41ca90079c65fbc7f8ea4218db8,2025-10-10T21:17:47Z,3584.457032286432,3747.560358277801,3647.867861,3629.2662643,3589.45878472,3637.66864,3631.9579394,3609.37872018
23549960,0x8232b6abfb4f0dfaa21ce6d5d8afdee1f2f4792b1674bb22fc3729e7de6fc5bf,2025-10-10T21:18:23Z,3651.932194347225,3747.560358277801,3612.891711,3574.1382828,3533.60830844,3634.036352,3607.3303458,3555.38858787
23549963,0x2ce316cffbb05ee60792fa5d08e68ffca7f772e4525b44f7f54b38077d078318,2025-10-10T21:18:59Z,3595.3528714645527,3585.3371302672645,3641.016306,3562.9058712,3499.24968307,3636.234815,3591.8505342,3486.83103677
23549966,0x84f3f13724d20ec4fba2fa312bc33cc0f0f531d566cb7d50b2c5faf31a9c0e10,2025-10-10T21:19:35Z,3595.3528714645527,3585.3371302672645,3560.776951,3463.3298199,3422.2709548,3505.059013,3478.4342074,3446.67032018
23549969,0xb176d819380cb233fd6ae5c4db5f6cbc7b4fa47f3c4683607c9a88da69d3b170,2025-10-10T21:20:11Z,3500.760627967851,3585.3371302672645,3518.019688,3471.7066336,3408.79282473,3505.088819,3467.9954568,3441.5951343
23549972,0xbb321c1c691f9b61031e75ecd681360a448d542a8bc592be03d06a877a4e6dd9,2025-10-10T21:20:47Z,3465.135193566509,3585.3371302672645,3532.479124,3504.2656358,3446.87315699,3505.335448,3461.2009039,3436.99736006
23549975,0xb75f510f7f936391aab6ce90952bdd02802e025c7947d7c54b8ff803a3b89f90,2025-10-10T21:21:23Z,3465.135193566509,3549.590413555911,3518.151203,3435.196966,3347.16380825,3460.352839,3428.1571771,3377.42830338
23549978,0x5fffe65f73997b207243cdcba69614e71cf0770a5be3fc01caaa299a5645e055,2025-10-10T21:21:59Z,3524.1486600368867,3549.590413555911,3518.140721,3435.1934972,3335.77238897,3531.085612,3526.3928346,3502.4986406
23549981,0x010d48b80fa1e13e4cef08c52f9017a923165d94288c37e8ff2ef2b0ea6ad67c,2025-10-10T21:22:35Z,3524.1486600368867,3457.424504930417,3518.002976,3434.9637248,3332.89025629,3481.264783,3416.4720208,3350.69425085
23549984,0xbde45cbcf413e2f082aaedbd57c18cd0e6505a88cee4578980e725d6bc9c5443,2025-10-10T21:23:11Z,3524.1486600368867,3457.424504930417,3449.261585,3341.2041371,3303.0113807,3589.236057,3463.3631569,3332.77219571
23549987,0x932ec933f7505f02aab9cfea539045d47ad10b92f104a2d2c276ade3d1812182,2025-10-10T21:23:47Z,3524.1486600368867,3457.424504930417,3449.261613,3343.1898031,3297.50616972,3408.893013,3367.5232225,3322.34662124
23549990,0x6a653b3ac704e375d7c9ae8a684b018f6731e0ac746131629d516cbffd89aa0f,2025-10-10T21:24:23Z,3667.2392931853424,3457.424504930417,3588.902453,3435.4191702,3297.51119974,3619.708666,3617.4909926,3597.67888017
23549993,0xc588fa6e4f777470dd805682556262c69072f287db823021e22b2d394cbecd33,2025-10-10T21:24:59Z,3667.2392931853424,3457.424504930417,3522.620645,3377.6165251,3300.06688578,3572.152336,3445.4129055,3324.65433934
23549996,0x1ba955818ae7468457ff1902a5b73ec12dd52c3f9f31dbdf000d47c0ccec2377,2025-10-10T21:25:35Z,3642.6582779619475,3655.288938262725,3449.62396,3343.4858518,3293.75640054,3398.458584,3336.6642486,3295.03018821
23549999,0x6a5f1d46fd840938979ff7afe5093fe64db85b4d1ad8c211a27d129947c04bec,2025-10-10T21:26:11Z,3642.6582779619475,3655.288938262725,3556.27537,3416.1055334,3337.52723215,3404.315029,3377.9003915,3361.53614243
23550002,0x93d3c36b98ecce18b336dfbd22a840390074b69b236a9591a374ba1a1a92e4b6,2025-10-10T21:26:47Z,3642.6582779619475,3655.288938262725,3450.486298,3395.8789415,3358.01582263,3551.043968,3513.2450715,3400.83931177
23550005,0x85894532155be05a35fcf03ca469a9ae78ad29f671884b4f8a1776e6f3041e50,2025-10-10T21:27:23Z,3642.6582779619475,3630.8227515533285,3450.484753,3397.3939046,3362.60288351,3564.273626,3547.292351,3418.88411221
23550008,0xd25038ff3a5b0ad1ed482ed31fd9b3717f17dc9958bdd2155fb8a67fc2963fa2,2025-10-10T21:27:59Z,3571.8906560433356,3630.8227515533285,3450.484753,3368.5976438,3346.1272298,3425.111246,3384.1391338,3364.65812967
23550011,0x12ce27d1e14eb9cfd8b9abec94f453ac998b2fa6539861d368da2650be3f3948,2025-10-10T21:28:35Z,3571.8906560433356,3608.1453108266205,3423.091192,3355.5999348,3308.92101966,3425.25801,3356.6796256,3321.59304767
23550014,0xe965fbe57e7a5ede11e8ddb27a7cc2b28d0e954c8604713225ae796d2ae67d06,2025-10-10T21:29:11Z,3571.8906560433356,3608.1453108266205,3426.087822,3377.7839158,3341.41920926,3408.995171,3367.8742509,3327.04536543
23550017,0xc2a5d6f32a5c0ccf86980fddd6fd51ba505468b9718469ea3f90da44ab463f73,2025-10-10T21:29:47Z,3571.8906560433356,3571.030735549756,3551.982161,3435.4533143,3360.1303239,3467.79189,3419.0125243,3368.43241536
23550020,0x8b495f6d13a48ce9420ebb269f2e52e5fd0d752083f7db37f7ec45eafb99d84d,2025-10-10T21:30:23Z,3571.8906560433356,3571.030735549756,3423.783702,3373.1879379,3344.50928167,3519.174249,3467.1597805,3359.01044273
23550023,0xa5343136e12d95a9e91e14778f7ef77a0c6b2e4531d84e8a2ef29dcc6ecaa791,2025-10-10T21:30:59Z,3571.8906560433356,3602.1789457000737,3414.303382,3356.2320818,3343.34178295,3416.63322,3364.7339853,3345.02187969
23550026,0xf6ce9802044672d899d9c51e15332592e007a5f702971aea6074a6c0fb017493,2025-10-10T21:31:35Z,3597.5356775796763,3602.1789457000737,3411.29961,3352.9284131,3345.89470843,3399.905931,3370.8134026,3345.7723554
23550029,0x63c5bc426e2183aa5378331ede70d4a0d394bf21356e060de9b5257f41fb3deb,2025-10-10T21:32:23Z,3678.722541669757,3638.838935043055,3421.275043,3364.2297276,3346.47212018,3405.192958,3376.2678597,3349.51326521
23550032,0xf9d0149adcf674aa8d2103274f8e28c8a240c3e245e0a1c1fba3408c1b99d4e9,2025-10-10T21:32:59Z,3733.4683736038337,3638.838935043055,3423.7274,3375.402465,3353.67233803,3410.440345,3388.0811063,3364.71653099
23550035,0x6800d8b533e34f802056dbf34a39b7646b5f7f47fe265441da96a3440d063911,2025-10-10T21:33:35Z,3733.4683736038337,3658.1098786389302,3448.995537,3415.0748101,3383.68918357,3402.340923,3378.0508814,3362.92995656
23550038,0x54f017a6d21e71ec2c6418efa471df30f726a1c4afbcc9be9d1e5d40a9c2ca55,2025-10-10T21:34:11Z,3733.4683736038337,3658.1098786389302,3440.300701,3403.5098541,3371.05507437,3421.649108,3407.7346748,3393.76869586
23550041,0x4f5756cedbed7c705b5be457770825260d44a41ce51cf4330cb6665819b9c4c7,2025-10-10T21:34:47Z,3733.4683736038337,3658.1098786389302,3430.201537,3384.1166248,3364.42812895,3407.978144,3387.4465736,3374.12894556
23550044,0x2742795d478dfa176d81f5595fe2a49f658f23fcf85ce7886ead8c83c7816d01,2025-10-10T21:35:23Z,3765.112533736566,3718.7543190243073,3425.815417,3378.6975208,3362.2345431,3420.091875,3401.8727923,3372.35264328
23550047,0x0529acfb881cd619b21b67f1dcdf5fa38fd430eebf900bad86bf4514ba2d60d3,2025-10-10T21:35:59Z,3765.112533736566,3760.803074416155,3447.081498,3418.4117835,3404.49346814,3431.667706,3420.5487378,3406.85346433
23550050,0xf949f80d941210e834c0e0fdbee7c521eb7e45b3d4ad8ee94f73d71bd5bd8d7a,2025-10-10T21:36:35Z,3765.112533736566,3760.803074416155,3452.209098,3419.6619307,3390.13181983,3421.864621,3406.7112739,3390.45388342
23550053,0x2cd71716b88df1df1f7b5cafa0e9f21ecdb58a47b9ab7cb244db0c2d5a6f56ce,2025-10-10T21:37:11Z,3753.530161658131,3760.803074416155,3441.034857,3404.6341734,3385.94350432,3426.399896,3408.928584,3389.99331805
23550056,0x586cad7573423a0ba640031639a7a80da903c76f920a96493b20345275c921ca,2025-10-10T21:37:47Z,3753.530161658131,3725.058298692334,3719.037004,3714.5223329,3670.40313852,3715.823179,3705.8121031,3634.81286475
23550059,0x705937e7284caefd14813565357cc8e751e758544082cb1dd191f036c820cda8,2025-10-10T21:38:23Z,3753.530161658131,3725.058298692334,3487.837976,3466.9317423,3444.15829249,3531.739219,3492.4555116,3459.0643638
23550062,0x356b27fb45869698339d47e67df81f16e83614005250eecfa440e22f846e692a,2025-10-10T21:38:59Z,3706.320145049031,3725.058298692334,3663.54055,3532.3684393,3455.07876794,3531.739219,3495.4238223,3458.90913589
23550065,0x0e4e28e6891e3def3faf424d0229fd411fcb3f70a0add36290d8ead30bd0a627,2025-10-10T21:39:35Z,3706.320145049031,3725.058298692334,3680.171914,3544.6363487,3456.74248408,3531.739219,3515.7463989,3489.62758607
23550068,0xbc771e4a4cbac8b17d5bdafc8d8cb663daf356b60733a9631fb61fb9a298bdc1,2025-10-10T21:40:11Z,3706.320145049031,3736.2511784475864,3508.069043,3501.573523,3476.50485932,3531.739219,3511.280303,3484.17118189
23550071,0xc62339ee9849fcf720da0c97b12bd98d4308cfc8691989092ac87ccded9f53da,2025-10-10T21:40:47Z,3706.320145049031,3713.8918155497804,3509.643502,3503.9152771,3498.32826147,3539.831106,3524.1275406,3494.77798411
23550074,0x2d6426b1567fddea2a6ec0bbe791a7d15b581ac658e2860f9bd8d14b5c125e19,2025-10-10T21:41:23Z,3706.320145049031,3713.8918155497804,3687.786626,3556.6020898,3483.26400327,3541.593473,3527.3716901,3501.21247324
23550077,0x134d000ce7bd3baf281706ffb3cd39602890326b2ef73d90fee3180697ab2d1f,2025-10-10T21:41:59Z,3706.320145049031,3713.8918155497804,3512.228261,3504.7171834,3499.36660468,3531.652283,3506.3826369,3483.44622931
23550080,0x7a4ce41c76b7a8721997378d238d32ef35f9b7a229507a6605593e310972b5a2,2025-10-10T21:42:35Z,3716.700811578443,3713.8918155497804,3510.174499,3504.578942,3501.39889918,3523.894331,3511.8369278,3486.39246276
23550083,0x1b53973fe7e2fa30b47a0860fc9f7081c35ae59988787eaf695b200003890ce8,2025-10-10T21:43:11Z,3738.1145929130707,3713.8918155497804,3697.717623,3573.5937312,3507.89165814,3562.654848,3551.4769883,3515.29529129
23550086,0x6047edcb55e32fe0494bf5742e7a8f25a659298821475bebecc654b97d292f5f,2025-10-10T21:43:47Z,3738.1145929130707,3713.8918155497804,3583.678756,3522.3232521,3505.08056139,3546.323176,3538.771633,3516.04954321
23550089,0xdd0b133f1db7f9f1bad2920ab9bbc897f1483b5a978a4a62a9a4b75e33a01c6b,2025-10-10T21:44:23Z,3738.1145929130707,3734.57658534302,3550.572356,3548.787816,3537.29859886,3553.906464,3551.0166541,3528.8082862
23550092,0xbcffdcdb22b16eee63415086ba6f6c0d07ddb9cef3b4a9e0b8a314547f51144c,2025-10-10T21:44:59Z,3802.2334362347024,3734.57658534302,3550.788252,3548.8957656,3534.98800836,3572.688591,3568.1163295,3541.50888236
23550095,0x946c00be07060468c9d9dd59e3663f5b5f90b58e0c874ba30f60978203aa39e7,2025-10-10T21:45:35Z,3802.2334362347024,3734.57658534302,3584.313667,3582.933487,3569.7108384,3633.533672,3629.1188837,3596.01058682
23550098,0xd6c67ba1f3a755a0c952f53c30c2092c3d2df00e46ab19e67fd8ab9cddf06b53,2025-10-10T21:46:11Z,3802.2334362347024,3803.4019563473585,3584.122883,3582.7023828,3570.33475263,3606.772575,3593.0165423,3571.17302513
23550101,0x3d6003dca3caed97a70169a83309d8271b8be22b1185b3275f01fedbd77bbf2f,2025-10-10T21:46:47Z,3802.2334362347024,3803.4019563473585,3592.441435,3587.8611764,3573.77415486,3595.113959,3584.7112018,3570.79712631
23550104,0x87b304c734336fe57e220a92f296a7083667ee01ff43fc31a98e0c437286bc76,2025-10-10T21:47:23Z,3868.076842600323,3831.39684245072,3611.301699,3609.7224961,3596.45926415,3617.88676,3612.4537948,3594.30555387
23550107,0x3ecdba05e4dcd132a1a34fa3ab30b778689d61092bcf2cf49073a8518591795c,2025-10-10T21:47:59Z,3868.076842600323,3869.0759989986054,3619.569925,3613.3057005,3598.43459393,3819.569461,3800.7683992,3693.11024268
23550110,0x603ca80aad403f6e86e65463aba11f15e621c5e6f66402b486bae633aec5b0fb,2025-10-10T21:48:35Z,3824.787040103116,3869.0759989986054,3680.332336,3672.0864073,3632.43517505,3788.169896,3772.9834866,3666.8582478
23550113,0x10192b9a5328aca3255f0f44f5b77cafd7d3e5fc3127a0c9fbdae5951d4fbad5,2025-10-10T21:49:11Z,3824.787040103116,3869.0759989986054,3634.704514,3633.5333663,3622.11699236,3798.946767,3787.2964753,3681.03529864
23550116,0xbe6c6b36690b9e974648ba3612b7719549995c3969711dca55a4576e94e1d4e1,2025-10-10T21:49:47Z,3824.787040103116,3834.113897217694,3662.203164,3654.8924243,3636.76238654,3768.92337,3757.3689588,3661.37573292
23550119,0x6cc9fb4df9a4f4978a4c5efe051a39af4a8b0ffc4664ada6a8b97cb68eb509b5,2025-10-10T21:50:23Z,3824.787040103116,3834.113897217694,3739.855686,3684.2958192,3659.44196311,3790.890801,3774.3261782,3686.66925406
23550122,0x3969ed5794b2cbc55b504e565f7bca47a23ebf07379f2e83851817d7550512b5,2025-10-10T21:50:59Z,3845.3738092294493,3834.113897217694,3806.090413,3801.5547059,3784.14287483,3758.264061,3714.8797927,3692.02080365
23550125,0xee9a08c90037e4ef0fe3584cc2fb5a4ac4f87b35a74cac9db74c9499433fedca,2025-10-10T21:51:35Z,3845.3738092294493,3834.113897217694,3859.337833,3857.5929337,3840.23548051,3778.67237,3768.8640353,3743.46007388
23550128,0xd606b030c57b2285e1988625b406f0ec1f58932bb777cdd307a5124a978afbea,2025-10-10T21:52:11Z,3873.9599545200253,3834.113897217694,3767.397871,3763.109708,3741.81974247,3819.907035,3786.5074401,3758.90587752
23550131,0x6051105bba976b7733dd1dcd37f1074e3f18700459dc6ad5e35d9cf1be2e4af1,2025-10-10T21:52:47Z,3916.3722508799674,3894.1682994467656,3759.355076,3755.0806319,3738.62626266,3831.294925,3820.6412167,3765.7555368
23550134,0x20116e8607f592acdb1b10223f6ee63e4a85a3e452638673883ece2a965386d5,2025-10-10T21:53:23Z,3916.3722508799674,3894.1682994467656,3786.92778,3783.5734597,3767.90212893,3862.109816,3855.5213999,3803.27049482
23550137,0x6f46a7caaaec9d19b5c84716afb74e645a9e648cc1088fb49bef444ec857fc68,2025-10-10T21:53:59Z,3916.3722508799674,3894.1682994467656,3809.117536,3800.6800852,3759.78653255,3797.149967,3787.1393838,3766.93207278
23550140,0x3cf55d429f0c1213b08195040c0e5463b4761ae984857187eab96242626a8786,2025-10-10T21:54:35Z,3916.3722508799674,3925.415130506833,3810.10472,3807.1181012,3788.63235319,3842.838278,3836.4276266,3827.28025898
23550143,0x386a4605b1a0ef2f61332e89c89ea978b3d1bf28366ec1818eec8e85d22f3f6f,2025-10-10T21:55:11Z,3916.3722508799674,3900.3575903791807,3810.10472,3807.1181012,3788.63235346,3825.590281,3818.0973786,3808.37507066
23550146,0x48b40c3b6994883c31c855df76f9bf9b7c239f48db0c817c63c01f152172d16e,2025-10-10T21:55:47Z,3895.6125231598576,3900.3575903791807,3820.27224,3818.554369,3804.26302804,3876.206379,3865.1172363,3809.88270074
23550149,0x2d3bc4c47bfee30b6d6a1736612d2e4f90c1192775ade0c40721878a9be914f3,2025-10-10T21:56:23Z,3895.6125231598576,3900.3575903791807,3820.27224,3818.5543691,3803.47493719,3995.098092,3975.0419098,3841.59592238
23550152,0xc95b5657044806a49fd810cb8d2eb9962f6a8f399a96e53289d715b77ecbddbb,2025-10-10T21:56:59Z,3895.6125231598576,3921.68310794465,3813.238716,3808.1459504,3791.43009385,3832.3076,3820.3081764,3812.7267944
23550155,0xb2af93abd21b4e5d3e10c06daa37acd92fd31871a12a0cbe9da29c38db6487f5,2025-10-10T21:57:35Z,3962.373717455958,3921.68310794465,3815.924616,3814.340395,3801.71666285,3832.341241,3828.8895566,3824.79380807
23550158,0x9dc81e6503a19460aa691c032dc1656c72f925960896a9de013bcebe8323048f,2025-10-10T21:58:11Z,3962.373717455958,3952.925108241169,3838.328556,3836.5985286,3821.99205811,3871.650228,3865.271486,3836.52849003
23550161,0x90c841c726866f8f8549cee4825d24b69f209b7f6e40e2c01e9491474e7217d7,2025-10-10T21:58:47Z,3962.373717455958,3952.925108241169,3839.773397,3837.2868234,3824.78195818,3838.92672,3836.5993341,3829.96110894
23550164,0x8371f6f1211e107963363bee91045ac298d4541aefb10f65bb16747d8c25f88b,2025-10-10T21:59:23Z,3962.373717455958,3952.925108241169,3847.432774,3845.352068,3831.33360772,3847.056354,3844.6335231,3831.75051405
23550167,0xda148c7c1b024c12194e8d737d2467aa11510403a302fa75d58dd532399812e0,2025-10-10T21:59:59Z,3962.373717455958,3952.925108241169,3847.432774,3845.352068,3831.00604418,3863.960374,3857.5163424,3835.33774197
23550170,0x81024980cdd7930237008f2b40446bdeaa74e3fe2d914384374acb451bc1fb9e,2025-10-10T22:00:35Z,3962.373717455958,3952.925108241169,3864.252675,3857.2824298,3835.73407071,3864.774449,3862.0160116,3853.83416443
23550173,0xf29ee03ce5b808037d25557e80f59257c425f080124fd54526f174d0a00627bf,2025-10-10T22:01:11Z,3962.373717455958,3952.925108241169,3886.349388,3881.7945259,3863.21245204,3868.716639,3863.302821,3853.61207185
23550176,0x6aa69e81ee184c4b443b3e6b978b4ece2ec9fc1c3f1fa16727c477917584aa94,2025-10-10T22:01:47Z,3962.373717455958,3952.925108241169,3862.989579,3861.4814391,3848.98104697,3875.400974,3872.7444617,3860.36070457
23550179,0xbce8a742130a8a0d2564b217efdb029cf367a1d48cb0909b2d5a54f641462a79,2025-10-10T22:02:23Z,3962.373717455958,3952.925108241169,3925.946874,3923.5546602,3901.5028139,3898.813604,3891.0076813,3873.12221973
23550182,0x7aeb28907a58882783a9ac0fb86925f1032d070dfbf45e5b36cf91c8c962e8a0,2025-10-10T22:02:59Z,3962.373717455958,3952.925108241169,3905.029371,3900.5876949,3882.94119061,3903.091902,3901.0446483,3885.62966802
23550185,0x5063599290a4257685f6d3f7efcd65667cf4bd17fbd3393c6c1915fc526af9eb,2025-10-10T22:03:35Z,3937.2707687570796,3932.9967102260493,3893.46978,3891.6485667,3879.05483988,3910.21327,3907.3464913,3885.99078794
23550188,0x613bd1a6ebbf8efe47017c722bbb8ac6a419cd883f7e422ee5cb1b21728989de,2025-10-10T22:04:11Z,3937.2707687570796,3932.9967102260493,3893.469781,3891.6485666,3878.25452811,3906.903801,3903.6359585,3892.69980194
23550191,0x4f58d99f9bb20f8a12adec50ee288448983e3b5b0402779d452faf76d4bd96fc,2025-10-10T22:04:47Z,3937.2707687570796,3932.9967102260493,3892.806387,3891.1887355,3878.25452837,3903.531139,3894.1293863,3881.57856299
23550192,0x421e085a31e315c2358ad8769965950726e92f73b94b35e8c0fa0695bd3d214c,2025-10-10T22:04:59Z,3906.9099499663484,3932.9967102260493,3890.988992,3887.9963111,3866.41398793,3905.341741,3903.0635957,3884.59575235
