target_index,target_timestamp,target_utc,block_number,block_hash,block_timestamp,block_utc,diff_seconds,chainlink_price,oneinch_price,univ3_twap_300_price,univ3_twap_60_price,oneinch_gap_bps,univ3_300_gap_bps,univ3_60_gap_bps,chainlink_eth_age_seconds,chainlink_usdc_age_seconds,chainlink_status,oneinch_status,univ3_300_status,univ3_60_status
0,1788899015,2026-09-08T20:23:35+00:00,25935010,0x1ca8236245ba013a265d4474db525871493f7e0a926a49d4c467b8d26523400d,1788899015,2026-09-08T20:23:35+00:00,0,2490.638631,2483.473582,2486.699765,2485.705334,-28.77,-15.81,-19.81,720,44592,ok,ok,ok,ok
1,1788899615,2026-09-08T20:33:35+00:00,25935060,0x38c6b2ae346e92afc660a59f6db90452141bcaabbeffbccde909bae000368bee,1788899615,2026-09-08T20:33:35+00:00,0,2490.638631,2483.362853,2485.456788,2484.462854,-29.21,-20.81,-24.8,1320,45192,ok,ok,ok,ok
2,1788900215,2026-09-08T20:43:35+00:00,25935110,0xaa5b72d63a0ef7911cd2eea59b32c3dbb415c545b7befa55fceca37420243f44,1788900215,2026-09-08T20:43:35+00:00,0,2490.638631,2482.932751,2483.717664,2483.220995,-30.94,-27.79,-29.78,1920,45792,ok,ok,ok,ok
3,1788900815,2026-09-08T20:53:35+00:00,25935160,0xae90e618dad2195d398161a3764856c64ce14edad21ff804746047652d47e931,1788900815,2026-09-08T20:53:35+00:00,0,2490.638631,2483.557068,2484.462854,2484.959771,-28.43,-24.8,-22.8,2520,46392,ok,ok,ok,ok
4,1788901415,2026-09-08T21:03:35+00:00,25935210,0x98bf3b9f28728609d1407d7ab005b80e663236f1e6ac04d4dba88b10862b788a,1788901415,2026-09-08T21:03:35+00:00,0,2490.638631,2483.426207,2484.462854,2484.7113,-28.96,-24.8,-23.8,3120,46992,ok,ok,ok,ok
5,1788902015,2026-09-08T21:13:35+00:00,25935260,0xc27a9b0804b69a62fb8f61ab32a8bdd96fcb196a1349a8027707a08c560fda2f,1788902015,2026-09-08T21:13:35+00:00,0,2486.10384,2483.860802,2485.705334,2485.456788,-9.02,-1.6,-2.6,84,47592,ok,ok,ok,ok
6,1788902615,2026-09-08T21:23:35+00:00,25935310,0x2486b3101bad6a06ccac8d2b250b64008ed2eba3a5d893dce64d3629b863fc0c,1788902615,2026-09-08T21:23:35+00:00,0,2486.10384,2483.238942,2484.959771,2483.966036,-11.52,-4.6,-8.6,684,48192,ok,ok,ok,ok
7,1788903215,2026-09-08T21:33:35+00:00,25935360,0x68c9044e90d8ed96a1a0942cf68be72f73be219243710127f668301746113c57,1788903215,2026-09-08T21:33:35+00:00,0,2486.10384,2482.736686,2484.214432,2483.220995,-13.54,-7.6,-11.6,1284,48792,ok,ok,ok,ok
8,1788903815,2026-09-08T21:43:35+00:00,25935410,0xde3a8ea7cd616fcf7cd39b6b10d92c417c2caf8a7bda1fb06ef356467d37f512,1788903815,2026-09-08T21:43:35+00:00,0,2486.10384,2482.708722,2482.724425,2482.724425,-13.66,-13.59,-13.59,1884,49392,ok,ok,ok,ok
9,1788904415,2026-09-08T21:53:35+00:00,25935460,0x6fc6524d067c645e1f778e34575296abb86812994b43f9aa42cb509f4751c2ba,1788904415,2026-09-08T21:53:35+00:00,0,2486.10384,2482.237972,2482.476177,2480.739139,-15.55,-14.59,-21.58,2484,49992,ok,ok,ok,ok
10,1788905015,2026-09-08T22:03:35+00:00,25935510,0xc70ac3e817ae944d73ba3b424341ef94f7c55d2d7bccc457d2cc9bcbde522382,1788905015,2026-09-08T22:03:35+00:00,0,2486.10384,2484.350817,2483.469317,2486.202499,-7.05,-10.6,0.4,3084,50592,ok,ok,ok,ok
11,1788905615,2026-09-08T22:13:35+00:00,25935560,0xe1b7895dd1066bb7bea2244ac54246019204f968ae50dd42306e624b09eba25c,1788905615,2026-09-08T22:13:35+00:00,0,2483.243067,2482.794074,2483.220995,2482.724425,-1.81,-0.09,-2.09,48,51192,ok,ok,ok,ok
12,1788906215,2026-09-08T22:23:35+00:00,25935610,0x95625cb28766c5bd54cb5f69da75b4fd19726d588db00b0b26bb1f2810ad2f5a,1788906215,2026-09-08T22:23:35+00:00,0,2483.243067,2483.546863,2484.959771,2485.456788,1.22,6.91,8.91,648,51792,ok,ok,ok,ok
13,1788906815,2026-09-08T22:33:35+00:00,25935658,0xd7f640aff86d5cf9470425d4c206540d4158b97136a64bf5cf29cbb5f92edead,1788906815,2026-09-08T22:33:35+00:00,0,2483.243067,2483.618706,2484.959771,2484.7113,1.51,6.91,5.91,1248,52392,ok,ok,ok,ok
14,1788907415,2026-09-08T22:43:35+00:00,25935708,0xbbe5568a01441a60ef5214859e6c29946e3805ca9162283e1a644ab1dacab37e,1788907415,2026-09-08T22:43:35+00:00,0,2483.243067,2483.917531,2484.7113,2485.953904,2.72,5.91,10.92,1848,52992,ok,ok,ok,ok
15,1788908015,2026-09-08T22:53:35+00:00,25935758,0x7ba54ae298188b156fcf812784df7541ad0e54e6674050491cdac8d9f7e8a56b,1788908015,2026-09-08T22:53:35+00:00,0,2483.243067,2484.192728,2486.45112,2486.948435,3.82,12.92,14.92,2448,53592,ok,ok,ok,ok
16,1788908615,2026-09-08T23:03:35+00:00,25935808,0x8d03c9ef78ed323f1aedd9ab6915d98042ac3cf9b03f05ee85f64ef8a9e8b176,1788908615,2026-09-08T23:03:35+00:00,0,2483.243067,2485.198679,2489.187584,2489.187584,7.88,23.94,23.94,3048,54192,ok,ok,ok,ok
17,1788909215,2026-09-08T23:13:35+00:00,25935858,0xf02a3ab866807ff9685b49051089e8e6868dfeb49ec3600b210b03062aaec3aa,1788909215,2026-09-08T23:13:35+00:00,0,2486.403592,2484.059192,2486.699765,2485.705334,-9.43,1.19,-2.81,24,54792,ok,ok,ok,ok
18,1788909815,2026-09-08T23:23:35+00:00,25935908,0x7790f02ff6f88f871d87eb4b508e2c129513651d3f3b3ddfbd74124c57c9e492,1788909815,2026-09-08T23:23:35+00:00,0,2486.403592,2483.4086,2484.462854,2484.214432,-12.05,-7.81,-8.8,624,55392,ok,ok,ok,ok
19,1788910415,2026-09-08T23:33:35+00:00,25935958,0x10d11850dfc6102d67a5d3fcdd566249c2c93c34ecfa2f9c76c86255e9401882,1788910415,2026-09-08T23:33:35+00:00,0,2486.403592,2482.877099,2484.214432,2484.214432,-14.18,-8.8,-8.8,1224,55992,ok,ok,ok,ok
20,1788911015,2026-09-08T23:43:35+00:00,25936007,0x98445f644853778eec09f420ca9c240d98ceb34e6e555016a93687cd9093919d,1788911015,2026-09-08T23:43:35+00:00,0,2486.403592,2483.328831,2484.7113,2484.7113,-12.37,-6.81,-6.81,1824,56592,ok,ok,ok,ok
21,1788911615,2026-09-08T23:53:35+00:00,25936057,0xf9b5d5af398e6abb10828ce5b5721845fa15696a9de970315ec668b2795b1bf8,1788911615,2026-09-08T23:53:35+00:00,0,2486.403592,2483.370814,2485.208267,2485.208267,-12.2,-4.81,-4.81,2424,57192,ok,ok,ok,ok
22,1788912215,2026-09-09T00:03:35+00:00,25936107,0x123b5b652598bf631f2bfb50aafba7fa15b321105b5ff68cd283caf5fd42d57c,1788912215,2026-09-09T00:03:35+00:00,0,2486.403592,2484.868907,2485.705334,2487.19713,-6.17,-2.81,3.19,3024,57792,ok,ok,ok,ok
23,1788912815,2026-09-09T00:13:35+00:00,25936157,0x7aa4cbddf271a4609dadedac9d61ed5a3e594217b29dd81a7fbc417101f83e4a,1788912815,2026-09-09T00:13:35+00:00,0,2486.403592,2488.56151,2492.674713,2493.671932,8.68,25.22,29.23,3624,58392,ok,ok,ok,ok
24,1788913415,2026-09-09T00:23:35+00:00,25936207,0x4ac028da6a87f9818b8275e379afc52d01ef1422409800646ffda7a293f8865b,1788913415,2026-09-09T00:23:35+00:00,0,2494.0999,2488.521544,2493.173272,2491.92706,-22.37,-3.72,-8.71,564,58992,ok,ok,ok,ok
25,1788914015,2026-09-09T00:33:35+00:00,25936256,0x14c5e1f43bdaedb2942c1dd2904490d16d5d44211b0cebf424f77c9c906a75c9,1788914015,2026-09-09T00:33:35+00:00,0,2494.0999,2487.000523,2490.432427,2489.934415,-28.46,-14.7,-16.7,1164,59592,ok,ok,ok,ok
26,1788914615,2026-09-09T00:43:35+00:00,25936306,0x3cfde3805af4f3be7be5693642bd8381ecef142288557ef769632af7cf577257,1788914615,2026-09-09T00:43:35+00:00,0,2494.0999,2487.311112,2490.432427,2490.432427,-27.22,-14.7,-14.7,1764,60192,ok,ok,ok,ok
27,1788915215,2026-09-09T00:53:35+00:00,25936356,0xf1b2ccfae32dbe1f6344c2b78c3d2a2b60ee40f984abb65abf63fc1e66f1ed39,1788915215,2026-09-09T00:53:35+00:00,0,2494.0999,2490.055191,2495.667568,2495.418026,-16.22,6.29,5.28,2364,60792,ok,ok,ok,ok
28,1788915815,2026-09-09T01:03:35+00:00,25936406,0x0c4e0c3286510f25d180878ca2e8b438a55caa347ae8196fd074b6720d2527b9,1788915815,2026-09-09T01:03:35+00:00,0,2494.0999,2490.72724,2496.416343,2495.917135,-13.52,9.29,7.29,2964,61392,ok,ok,ok,ok
29,1788916415,2026-09-09T01:13:35+00:00,25936456,0xa3245cc4a344f65270efd44e82560ec8e44b92ebc0d37642b5330be701b273ce,1788916415,2026-09-09T01:13:35+00:00,0,2494.0999,2490.556019,2496.416343,2496.665985,-14.21,9.29,10.29,3564,61992,ok,ok,ok,ok
30,1788917015,2026-09-09T01:23:35+00:00,25936506,0x51bffc342d35b6fe0ae6d077d83169a808e4954b8ddd54a89677af0737e7c958,1788917015,2026-09-09T01:23:35+00:00,0,2494.83036,2489.49724,2491.428749,2490.68147,-21.38,-13.63,-16.63,528,62592,ok,ok,ok,ok
31,1788917615,2026-09-09T01:33:35+00:00,25936556,0xa8f2c9a0497fd6087b08ac8caa846365d0d771c2c00d72f957b790f3c5d46df0,1788917615,2026-09-09T01:33:35+00:00,0,2494.83036,2489.283591,2492.176252,2491.677892,-22.23,-10.64,-12.64,1128,63192,ok,ok,ok,ok
32,1788918215,2026-09-09T01:43:35+00:00,25936606,0x821fba1a92c6b0ec726c57c8f847c7ba582b3586c893740e8b0c7e77db4f769a,1788918215,2026-09-09T01:43:35+00:00,0,2494.83036,2491.98479,2497.165343,2496.416343,-11.41,9.36,6.36,1728,63792,ok,ok,ok,ok
33,1788918815,2026-09-09T01:53:35+00:00,25936655,0x92d082fea45f90b90be19e41f827312d2dd7b7cf886c8e2b301da43f1e357bd4,1788918815,2026-09-09T01:53:35+00:00,0,2494.83036,2491.967488,2497.914567,2496.915651,-11.48,12.36,8.36,2328,64392,ok,ok,ok,ok
34,1788919415,2026-09-09T02:03:35+00:00,25936704,0x4f106ab16c6586389d1d51096f37cd8a94fc9ad52000c2a7f5b6eb385042825e,1788919415,2026-09-09T02:03:35+00:00,0,2494.83036,2492.392273,2497.914567,2497.914567,-9.77,12.36,12.36,2928,64992,ok,ok,ok,ok
35,1788920015,2026-09-09T02:13:35+00:00,25936753,0xa6c01c3818fada9e7e5ac95e41f9be6fe4416dfe3c66ebb992c9179dd0abf352,1788920015,2026-09-09T02:13:35+00:00,0,2494.83036,2491.620821,2497.415059,2496.166726,-12.86,10.36,5.36,3528,65592,ok,ok,ok,ok
36,1788920615,2026-09-09T02:23:35+00:00,25936803,0x1aa0ae4725dfe519821df9c9d689314fddea05c5f68714e2993e16e86d079fba,1788920615,2026-09-09T02:23:35+00:00,0,2494.935227,2490.364569,2493.173272,2492.674713,-18.32,-7.06,-9.06,504,66192,ok,ok,ok,ok
37,1788921215,2026-09-09T02:33:35+00:00,25936853,0xa2dcde768f02f711c61da905a483aa32a8fd7bc45e8038d4d3c14848adb96ae0,1788921215,2026-09-09T02:33:35+00:00,0,2494.935227,2491.98652,2495.917135,2495.917135,-11.82,3.94,3.94,1104,66792,ok,ok,ok,ok
38,1788921815,2026-09-09T02:43:35+00:00,25936903,0x498079ac03a3946c36392ce65740fa82597d34a2266e60ebb93a6574895dcf49,1788921815,2026-09-09T02:43:35+00:00,0,2494.935227,2491.945753,2494.919017,2494.919017,-11.98,-0.06,-0.06,1704,67392,ok,ok,ok,ok
39,1788922415,2026-09-09T02:53:35+00:00,25936953,0x4801cc36fd79fd303b6014c685b3ebfa37402b739de07bf11fbb0db5ad4f0a43,1788922415,2026-09-09T02:53:35+00:00,0,2494.935227,2491.992304,2496.166726,2496.166726,-11.8,4.94,4.94,2304,67992,ok,ok,ok,ok
40,1788923015,2026-09-09T03:03:35+00:00,25937003,0x8d516811af319b858fc2cf98eab2dfd1cbbb02c490dcbc15cc3f832d86b46ae6,1788923015,2026-09-09T03:03:35+00:00,0,2494.935227,2490.272177,2494.170691,2492.42547,-18.69,-3.06,-10.06,2904,68592,ok,ok,ok,ok
41,1788923615,2026-09-09T03:13:35+00:00,25937052,0x5226bc0c7602a36b51e3bffbc4684817a283095b274410546117676208882ed5,1788923615,2026-09-09T03:13:35+00:00,0,2494.935227,2488.617967,2490.432427,2489.436503,-25.32,-18.05,-22.04,3504,69192,ok,ok,ok,ok
42,1788924215,2026-09-09T03:23:35+00:00,25937102,0x13aa616682fb7b37ba2ce1c6c0d745fdff6a70e7f927190a6c86e2aafdb00f39,1788924215,2026-09-09T03:23:35+00:00,0,2487.784059,2488.610319,2488.689821,2488.689821,3.32,3.64,3.64,504,69792,ok,ok,ok,ok
43,1788924815,2026-09-09T03:33:35+00:00,25937152,0x9bda37db6e3daae20422a345018d151ef2e551921516eebaff0d68194208daf9,1788924815,2026-09-09T03:33:35+00:00,0,2487.784059,2488.416183,2487.943363,2487.943363,2.54,0.64,0.64,1104,70392,ok,ok,ok,ok
44,1788925415,2026-09-09T03:43:35+00:00,25937201,0xef419394f8cb27240887f53647f872c81b7e0a7f120347dc7a87fbf3cf72d8ed,1788925415,2026-09-09T03:43:35+00:00,0,2487.784059,2489.115549,2489.436503,2490.432427,5.35,6.64,10.65,1704,70992,ok,ok,ok,ok
45,1788926015,2026-09-09T03:53:35+00:00,25937251,0xdf1acf1f00862d642cfeddc47675d7055ada6f9588839f055fcf1981706a46d1,1788926015,2026-09-09T03:53:35+00:00,0,2487.784059,2488.650548,2490.183408,2488.440977,3.48,9.64,2.64,2304,71592,ok,ok,ok,ok
46,1788926615,2026-09-09T04:03:35+00:00,25937301,0xa029d6131773198e3673de05f399381c18aa1334f5da758b5a129a655e29b392,1788926615,2026-09-09T04:03:35+00:00,0,2487.784059,2494.083434,2494.170691,2500.16359,25.32,25.67,49.76,2904,72192,ok,ok,ok,ok
47,1788927215,2026-09-09T04:13:35+00:00,25937351,0x0640a291688860af34c1eb78ebecbd5ea619eadd0bd342180ccd6ef5eacb4714,1788927215,2026-09-09T04:13:35+00:00,0,2501.923616,2493.58769,2496.915651,2496.416343,-33.32,-20.02,-22.01,528,72792,ok,ok,ok,ok
48,1788927815,2026-09-09T04:23:35+00:00,25937401,0xdaa53e653630adac3cbfa125fc223b80d483c89f79358e7dfdec05ae3e0d391f,1788927815,2026-09-09T04:23:35+00:00,0,2501.923616,2493.807513,2496.166726,2497.664801,-32.44,-23.01,-17.02,1128,73392,ok,ok,ok,ok
49,1788928415,2026-09-09T04:33:35+00:00,25937451,0xe54fb5ceea01aa3052a0d9af5a2b228e31b9237b8c23ac82d78a397e40c41503,1788928415,2026-09-09T04:33:35+00:00,0,2501.923616,2493.767726,2497.664801,2496.915651,-32.6,-17.02,-20.02,1728,73992,ok,ok,ok,ok
50,1788929015,2026-09-09T04:43:35+00:00,25937501,0xbc74fecdc0f9c618c1398cda0f6a428d6b530e5a8b040a0101a8bd26126439f4,1788929015,2026-09-09T04:43:35+00:00,0,2501.923616,2493.839388,2497.914567,2497.914567,-32.31,-16.02,-16.02,2328,74592,ok,ok,ok,ok
51,1788929615,2026-09-09T04:53:35+00:00,25937551,0xd317baf63941537ec9160dd3eda4bacfd58d42c78242705a7ba510b6630277fe,1788929615,2026-09-09T04:53:35+00:00,0,2501.923616,2503.160466,2508.678187,2510.18377,4.94,27.0,33.02,2928,75192,ok,ok,ok,ok
52,1788930215,2026-09-09T05:03:35+00:00,25937601,0x0d85ffd4635988bc13282ac300628388067da8aec543f6b3b76f8845fb2d3f85,1788930215,2026-09-09T05:03:35+00:00,0,2501.923616,2502.201303,2507.925734,2506.421505,1.11,23.99,17.98,3528,75792,ok,ok,ok,ok
53,1788930815,2026-09-09T05:13:35+00:00,25937651,0x89e6a095f76a055bb380dba8fa9a6d054335e19c71cdd2790c669cbaef170ab3,1788930815,2026-09-09T05:13:35+00:00,0,2504.682882,2501.848269,2505.16867,2505.16867,-11.32,1.94,1.94,492,76392,ok,ok,ok,ok
54,1788931415,2026-09-09T05:23:35+00:00,25937700,0x730e430addd3821f1c9ef74d6bb03dad70490a9a5016136b87b4d002f274c08c,1788931415,2026-09-09T05:23:35+00:00,0,2504.682882,2502.291156,2508.176527,2505.920296,-9.55,13.95,4.94,1092,76992,ok,ok,ok,ok
55,1788932015,2026-09-09T05:33:35+00:00,25937750,0x94e04c247aaf19b0c6d79b17e2778506216b6fd673754f5182c0f68812c59420,1788932015,2026-09-09T05:33:35+00:00,0,2504.682882,2497.522664,2500.913714,2496.915651,-28.59,-15.05,-31.01,1692,77592,ok,ok,ok,ok
56,1788932615,2026-09-09T05:43:35+00:00,25937800,0xdba823c8d695495e25b9870bbb82088dfe3484a95f4428c94b5f3822310bd6e8,1788932615,2026-09-09T05:43:35+00:00,0,2504.682882,2495.729549,2495.917135,2494.66955,-35.75,-35.0,-39.98,2292,78192,ok,ok,ok,ok
57,1788933215,2026-09-09T05:53:35+00:00,25937850,0x0c5f54ab60bc67eef99c265accda1faeced24f7a72522e6b0a307e557b57ca91,1788933215,2026-09-09T05:53:35+00:00,0,2491.785434,2493.653935,2492.92398,2493.42259,7.5,4.57,6.57,408,78792,ok,ok,ok,ok
58,1788933815,2026-09-09T06:03:35+00:00,25937899,0xfaa780dca371ffd2d7305f59d802aa94ee3d94639af625d4b85b10a32352f672,1788933815,2026-09-09T06:03:35+00:00,0,2491.785434,2494.843818,2495.667568,2495.418026,12.27,15.58,14.58,1008,79392,ok,ok,ok,ok
59,1788934415,2026-09-09T06:13:35+00:00,25937949,0xc37af1f1e0b0b7659adc463ce3db7aa9393494a503f4d828a9fb91f0dde185b2,1788934415,2026-09-09T06:13:35+00:00,0,2491.785434,2496.418559,2497.165343,2499.413691,18.59,21.59,30.61,1608,79992,ok,ok,ok,ok
60,1788935015,2026-09-09T06:23:35+00:00,25937999,0x7ee5e03f787fc15a338a34e5bb789784503bb9570b2bcb3a9a0521eeca386615,1788935015,2026-09-09T06:23:35+00:00,0,2491.785434,2498.272895,2501.664063,2502.164421,26.04,39.64,41.65,2208,80592,ok,ok,ok,ok
61,1788935615,2026-09-09T06:33:35+00:00,25938048,0xf143f9988199037938e4dff57aaf24301a4c26770aefc0ec64774954cbf2dbe4,1788935615,2026-09-09T06:33:35+00:00,0,2504.286939,2496.743707,2500.16359,2499.663632,-30.12,-16.47,-18.46,588,81192,ok,ok,ok,ok
62,1788936215,2026-09-09T06:43:35+00:00,25938098,0x87c7000aff2c3f0cade833541757d4b2e733b3c88895335c1cb175e274e12aa8,1788936215,2026-09-09T06:43:35+00:00,0,2504.286939,2497.039645,2500.663648,2500.663648,-28.94,-14.47,-14.47,1188,81792,ok,ok,ok,ok
63,1788936815,2026-09-09T06:53:35+00:00,25938148,0xbf8c164bb44c47a7a777a2e6cae25b3d4658af3a8e9cb81f7db9ef49de93897f,1788936815,2026-09-09T06:53:35+00:00,0,2504.286939,2496.917869,2500.16359,2499.413691,-29.43,-16.47,-19.46,1788,82392,ok,ok,ok,ok
64,1788937415,2026-09-09T07:03:35+00:00,25938198,0xcc30a6813721a694cac4dc52f5bd934c45a5d737e703ace30b250b747d9af6cd,1788937415,2026-09-09T07:03:35+00:00,0,2504.241982,2496.977824,2500.413606,2500.16359,-29.01,-15.29,-16.29,2388,180,ok,ok,ok,ok
65,1788938015,2026-09-09T07:13:35+00:00,25938248,0xfafcdc385a84bda6e28ae94acf34fb85d73c24fc9d4efc89e712010a14db87a7,1788938015,2026-09-09T07:13:35+00:00,0,2504.241982,2507.350614,2513.951683,2513.448968,12.41,38.77,36.77,2988,780,ok,ok,ok,ok
66,1788938615,2026-09-09T07:23:35+00:00,25938298,0x376ef44da85ce51d342889a9aa0353fffd1464dc094f4aa990c743223f400741,1788938615,2026-09-09T07:23:35+00:00,0,2504.241982,2505.72954,2511.439113,2511.941426,5.94,28.74,30.75,3588,1380,ok,ok,ok,ok
67,1788939215,2026-09-09T07:33:35+00:00,25938347,0x2095a38459a5af2d74734d2d3cfc264f2d12d6c7266cf2c155c18618fccea527,1788939203,2026-09-09T07:33:23+00:00,12,2511.535771,2508.138878,2514.705944,2514.705944,-13.53,12.62,12.62,564,1968,ok,ok,ok,ok
68,1788939815,2026-09-09T07:43:35+00:00,25938397,0xfc9edee23c4358cd2e2baae9b2f9f6c04d9279b61fc85d257450dcec1d3ba3df,1788939815,2026-09-09T07:43:35+00:00,0,2511.535771,2507.432054,2513.448968,2513.197648,-16.34,7.62,6.62,1176,2580,ok,ok,ok,ok
69,1788940415,2026-09-09T07:53:35+00:00,25938447,0x7ae790faafcb59dd8173cdd43926bcfbf2565be875b1e07673a34ecd64e391ec,1788940415,2026-09-09T07:53:35+00:00,0,2511.535771,2506.681249,2511.187994,2510.685832,-19.33,-1.38,-3.38,1776,3180,ok,ok,ok,ok
70,1788941015,2026-09-09T08:03:35+00:00,25938497,0x958420107c3cedc4adbfc1761ac367746156530b056bac903824147f46c3ab14,1788941015,2026-09-09T08:03:35+00:00,0,2510.390245,2507.781056,2511.187994,2514.705944,-10.39,3.18,17.19,192,180,ok,ok,ok,ok
71,1788941615,2026-09-09T08:13:35+00:00,25938547,0x7d7eda515e0eb2fe504ea5d0c4bdfb1796e9f0d5109e97970f18b5022aec5021,1788941615,2026-09-09T08:13:35+00:00,0,2510.390245,2510.470101,2516.718413,2517.221782,0.32,25.21,27.21,792,780,ok,ok,ok,ok
72,1788942215,2026-09-09T08:23:35+00:00,25938597,0xe425789df1ae4e88ea99d45393ecbd3561f7e24d79649b67a19abf150f2ff8b7,1788942215,2026-09-09T08:23:35+00:00,0,2510.390245,2512.034677,2517.473504,2518.984366,6.55,28.22,34.23,1392,1380,ok,ok,ok,ok
73,1788942815,2026-09-09T08:33:35+00:00,25938647,0x3550d9f0705c9bac702d965548acd9fd4a2c953f8c98788939dd16088748c01e,1788942815,2026-09-09T08:33:35+00:00,0,2510.390245,2513.529204,2519.99211,2520.748184,12.5,38.25,41.26,1992,1980,ok,ok,ok,ok
74,1788943415,2026-09-09T08:43:35+00:00,25938696,0x5b2dd2319607aaf28a4e1f434235f8562a4937e88c258768f80fd5e0fc7048b6,1788943415,2026-09-09T08:43:35+00:00,0,2510.390245,2513.218887,2518.480644,2518.984366,11.27,32.23,34.23,2592,2580,ok,ok,ok,ok
75,1788944015,2026-09-09T08:53:35+00:00,25938746,0xa644bb1e24b014a45176526e859dc2bf3d9392a0292f8041600b7eaa874f8f13,1788944015,2026-09-09T08:53:35+00:00,0,2510.390245,2512.770236,2517.473504,2517.977024,9.48,28.22,30.22,3192,3180,ok,ok,ok,ok
76,1788944615,2026-09-09T09:03:35+00:00,25938796,0x7dad262b0b8921682fdb8032da1f4d87686f748d22bf3fc9127596bf4f48582c,1788944615,2026-09-09T09:03:35+00:00,0,2518.799334,2513.675158,2519.488188,2518.984366,-20.34,2.73,0.73,156,3780,ok,ok,ok,ok
77,1788945215,2026-09-09T09:13:35+00:00,25938845,0x262ac7f0b6ad1ce53e0f56a2ed3342a29eda5e05f37396482e9650f99d1bf390,1788945215,2026-09-09T09:13:35+00:00,0,2518.799334,2511.372903,2513.197648,2511.690257,-29.48,-22.24,-28.22,756,4380,ok,ok,ok,ok
78,1788945815,2026-09-09T09:23:35+00:00,25938895,0x8a4f163cfe4d89b9cb6d5314201928a0e2ce161e46ffac1acb2652e342085897,1788945815,2026-09-09T09:23:35+00:00,0,2518.799334,2510.952082,2511.187994,2510.685832,-31.15,-30.22,-32.21,1356,4980,ok,ok,ok,ok
79,1788946415,2026-09-09T09:33:35+00:00,25938945,0x717460b487e68519a2f6b99aa1e66b2dacd08b87aac929a786df0c40d46eeb6e,1788946415,2026-09-09T09:33:35+00:00,0,2518.799334,2508.805014,2509.179948,2508.427344,-39.68,-38.19,-41.18,1956,5580,ok,ok,ok,ok
80,1788947015,2026-09-09T09:43:35+00:00,25938995,0xb0675a6012e01719d4593ddbc684616a7d1cbcc88f854b02e7c07e8d64882130,1788947015,2026-09-09T09:43:35+00:00,0,2505.208419,2496.800033,2499.913599,2495.917135,-33.56,-21.14,-37.09,456,6180,ok,ok,ok,ok
81,1788947615,2026-09-09T09:53:35+00:00,25939045,0x53843ee5d49d2b23fe9a7fdffb391275b4b817ff7d85896ac7fa93013d3ea916,1788947615,2026-09-09T09:53:35+00:00,0,2505.208419,2496.31516,2494.420108,2494.66955,-35.5,-43.06,-42.07,1056,6780,ok,ok,ok,ok
82,1788948215,2026-09-09T10:03:35+00:00,25939095,0x8b3f429b788726d864afc272ff90e4a54f1077cda7b90770dc5b4b2f044b7b50,1788948215,2026-09-09T10:03:35+00:00,0,2492.642938,2493.963978,2491.677892,2491.677892,5.3,-3.87,-3.87,480,7380,ok,ok,ok,ok
83,1788948815,2026-09-09T10:13:35+00:00,25939145,0x6248e8233f921bf362a4db5446c7039641aa66fc918373df6562a6a5bd12f265,1788948815,2026-09-09T10:13:35+00:00,0,2492.642938,2493.697733,2491.92706,2491.92706,4.23,-2.87,-2.87,1080,7980,ok,ok,ok,ok
84,1788949415,2026-09-09T10:23:35+00:00,25939195,0x45b847d444e4aff23873be9b3831aafa8fd8068952e14fd8e5e97a2d8b2295b5,1788949415,2026-09-09T10:23:35+00:00,0,2492.642938,2492.85851,2491.179631,2491.92706,0.86,-5.87,-2.87,1680,8580,ok,ok,ok,ok
85,1788950015,2026-09-09T10:33:35+00:00,25939244,0xff3ea5f167f7e479e02f5c855964d1df5b47c021cf9117b28c734325b55ecb27,1788950015,2026-09-09T10:33:35+00:00,0,2492.642938,2492.874005,2491.428749,2491.677892,0.93,-4.87,-3.87,2280,9180,ok,ok,ok,ok
86,1788950615,2026-09-09T10:43:35+00:00,25939294,0xff86c9bd4882de2f90f9903fcd2c313a0ce311de71ad46251ae48f9caca6e23e,1788950615,2026-09-09T10:43:35+00:00,0,2492.642938,2492.600371,2491.677892,2490.68147,-0.17,-3.87,-7.87,2880,9780,ok,ok,ok,ok
87,1788951215,2026-09-09T10:53:35+00:00,25939344,0x97381fa18ec1db104d39c02b3f2c620eabb6c46c67bf1171cd0ca3db5743dfc1,1788951215,2026-09-09T10:53:35+00:00,0,2492.642938,2486.879153,2486.948435,2484.214432,-23.12,-22.85,-33.81,3480,10380,ok,ok,ok,ok
88,1788951815,2026-09-09T11:03:35+00:00,25939394,0x08ce00ae77780eb4a31246c7f4a74e240b9e23bb8cd55d4222dcca085911b3f1,1788951815,2026-09-09T11:03:35+00:00,0,2485.242719,2486.838168,2486.45112,2484.462854,6.42,4.86,-3.14,456,10980,ok,ok,ok,ok
89,1788952415,2026-09-09T11:13:35+00:00,25939444,0x126815e23a14bbd52e6f3155c9b56f82c1a7992023a972de64bc1146d183780d,1788952415,2026-09-09T11:13:35+00:00,0,2485.242719,2488.013962,2485.953904,2486.699765,11.15,2.86,5.86,1056,11580,ok,ok,ok,ok
90,1788953015,2026-09-09T11:23:35+00:00,25939493,0xdcd7e866ee67e97127d5f16e3d7baac742e05620a2c748f1db6fc07fd23f5b50,1788953015,2026-09-09T11:23:35+00:00,0,2485.242719,2487.695684,2485.456788,2485.705334,9.87,0.86,1.86,1656,12180,ok,ok,ok,ok
91,1788953615,2026-09-09T11:33:35+00:00,25939543,0x5af1b024e450cb0eb7cde3f5c5ff46eb95b4248b1cb0bac58539b74f3593f03d,1788953615,2026-09-09T11:33:35+00:00,0,2485.242719,2490.338123,2491.677892,2491.677892,20.5,25.89,25.89,2256,12780,ok,ok,ok,ok
92,1788954215,2026-09-09T11:43:35+00:00,25939593,0xb4c52c5ed74f570d596f96bbda483119be7aab4627a958a016d16b34d7862f20,1788954215,2026-09-09T11:43:35+00:00,0,2485.242719,2490.983015,2493.173272,2492.92398,23.1,31.91,30.91,2856,13380,ok,ok,ok,ok
93,1788954815,2026-09-09T11:53:35+00:00,25939643,0xce336a0ddc62c96580393f46c3876de2c11377de282de6b78748eeab93e9656c,1788954815,2026-09-09T11:53:35+00:00,0,2498.53413,2498.427196,2499.413691,2502.414637,-0.43,3.52,15.53,240,13980,ok,ok,ok,ok
94,1788955415,2026-09-09T12:03:35+00:00,25939693,0x5c48eb71ba3c4516191aca300eb571fc69d995c9f7e0be88d731eb93b2a90a22,1788955415,2026-09-09T12:03:35+00:00,0,2498.53413,2498.35326,2501.163805,2500.663648,-0.72,10.52,8.52,840,14580,ok,ok,ok,ok
95,1788956015,2026-09-09T12:13:35+00:00,25939742,0x8cf294c9818daa25b30b017fb3b8bfcef2da7ec1b36eca50434f30c968ad8aca,1788956015,2026-09-09T12:13:35+00:00,0,2498.53413,2498.421759,2501.664063,2501.413922,-0.45,12.53,11.53,1440,15180,ok,ok,ok,ok
96,1788956615,2026-09-09T12:23:35+00:00,25939790,0x9ddbed33f2e43181398f54d6e844691ca8605fe07befafeaa9b6190a5855630d,1788956615,2026-09-09T12:23:35+00:00,0,2498.53413,2498.20903,2500.16359,2500.663648,-1.3,6.52,8.52,2040,15780,ok,ok,ok,ok
97,1788957215,2026-09-09T12:33:35+00:00,25939840,0x43b30456b60d6da3746dc5126f2ff916d11d29240bc5d6162fc1477cce325e8b,1788957215,2026-09-09T12:33:35+00:00,0,2498.53413,2499.720631,2501.91423,2504.166853,4.75,13.53,22.54,2640,16380,ok,ok,ok,ok
98,1788957815,2026-09-09T12:43:35+00:00,25939890,0x70f40da63e4f39e9f463a3a24950e274861eac612b4ade6fae8c6f14e01b916e,1788957815,2026-09-09T12:43:35+00:00,0,2498.53413,2503.363687,2507.674967,2508.929055,19.33,36.58,41.6,3240,16980,ok,ok,ok,ok
99,1788958415,2026-09-09T12:53:35+00:00,25939940,0x6b6fe81c242a9afa0fbd9967b6dffacebefc490f023fbbeea39e070748565d74,1788958415,2026-09-09T12:53:35+00:00,0,2511.812479,2505.697712,2510.685832,2510.936901,-24.34,-4.49,-3.49,372,17580,ok,ok,ok,ok
100,1788959015,2026-09-09T13:03:35+00:00,25939990,0x09b85a8509ba28e463938d5cd589db4b6c59d32224d73b340cb4295d8b876267,1788959015,2026-09-09T13:03:35+00:00,0,2511.812479,2505.657971,2509.932777,2509.179948,-24.5,-7.48,-10.48,972,18180,ok,ok,ok,ok
101,1788959615,2026-09-09T13:13:35+00:00,25940040,0xd2eed1885951cf3b023a43db6b6fce2a48aa994bd70578439be687d3b4cf8926,1788959615,2026-09-09T13:13:35+00:00,0,2511.812479,2507.094793,2511.941426,2511.690257,-18.78,0.51,-0.49,1572,18780,ok,ok,ok,ok
102,1788960215,2026-09-09T13:23:35+00:00,25940090,0xb40fe2505e75c3b95a67b30e6b0bb157ee926a0fbf5539d2e3c5353e413a4ca6,1788960215,2026-09-09T13:23:35+00:00,0,2511.812479,2507.321057,2512.695084,2513.197648,-17.88,3.51,5.51,2172,19380,ok,ok,ok,ok
103,1788960815,2026-09-09T13:33:35+00:00,25940140,0x7eb9609835760e5ebe29409243b9ed2c314350f94e7d32f0f9bd611cc1624de5,1788960815,2026-09-09T13:33:35+00:00,0,2511.812479,2508.834799,2513.700313,2515.20891,-11.85,7.52,13.52,2772,19980,ok,ok,ok,ok
104,1788961415,2026-09-09T13:43:35+00:00,25940190,0x3a588dac37e70193d27e57e3cbb5ab3b9b6fdda98af2a7aae7367e6d6c4d3fb1,1788961415,2026-09-09T13:43:35+00:00,0,2511.812479,2502.927534,2507.424224,2502.915145,-35.37,-17.47,-35.42,3372,20580,ok,ok,ok,ok
105,1788962015,2026-09-09T13:53:35+00:00,25940240,0xb5263a1c98487f35b7ddda448007a2c7fb090d9b0b0d6aa5cd6dc376b004bbb5,1788962015,2026-09-09T13:53:35+00:00,0,2510.907114,2507.170128,2511.187994,2510.685832,-14.88,1.12,-0.88,348,21180,ok,ok,ok,ok
106,1788962615,2026-09-09T14:03:35+00:00,25940288,0x94890b5fc63c785481b7a8e23b3964f960839ca7ec560690ff3b9193650c1fa7,1788962615,2026-09-09T14:03:35+00:00,0,2497.586262,2500.750474,2501.664063,2498.414175,12.67,16.33,3.31,108,21780,ok,ok,ok,ok
107,1788963215,2026-09-09T14:13:35+00:00,25940337,0x32d1534a0d99df5db1a6611e2fdca9eea0a7f1c7ae39300b6cc5b9afe5ae228c,1788963215,2026-09-09T14:13:35+00:00,0,2497.586262,2499.714676,2499.413691,2496.915651,8.52,7.32,-2.69,708,22380,ok,ok,ok,ok
108,1788963815,2026-09-09T14:23:35+00:00,25940387,0x68db55a5c26bebf3281cac55001c0bce30a2bf30d0482f840a1b39757e2bb07b,1788963815,2026-09-09T14:23:35+00:00,0,2497.586262,2499.878239,2497.914567,2497.914567,9.18,1.31,1.31,1308,22980,ok,ok,ok,ok
109,1788964415,2026-09-09T14:33:35+00:00,25940437,0xce772a7c723f7917805bb4d8c877525357ef8480583a6a91e784090085df062f,1788964415,2026-09-09T14:33:35+00:00,0,2510.532085,2505.401583,2509.932777,2510.434789,-20.44,-2.39,-0.39,252,23580,ok,ok,ok,ok
110,1788965015,2026-09-09T14:43:35+00:00,25940487,0x3cc9ba69f3b97964ac365d2fb8c8ae0a0ff2ec84165b39067ff643b2efb6db12,1788965015,2026-09-09T14:43:35+00:00,0,2510.532085,2504.969112,2508.929055,2506.922815,-22.16,-6.39,-14.38,852,24180,ok,ok,ok,ok
111,1788965615,2026-09-09T14:53:35+00:00,25940537,0x64d5d66a6bb304e36e22ac3353193330c19fc1bb843a0804320457cf6651f660,1788965615,2026-09-09T14:53:35+00:00,0,2510.532085,2501.050993,2504.41727,2501.413922,-37.77,-24.36,-36.32,1452,24780,ok,ok,ok,ok
112,1788966215,2026-09-09T15:03:35+00:00,25940587,0xde50cfacc76b56d6d29b8f16a6483e133662d4538f5c1b760cd573be6da3686d,1788966215,2026-09-09T15:03:35+00:00,0,2497.559527,2497.268326,2498.913883,2494.919017,-1.17,5.42,-10.57,432,25380,ok,ok,ok,ok
113,1788966815,2026-09-09T15:13:35+00:00,25940637,0x35edb7f99194df93607417a7812b5a7cb429f1708bbbac0050da4912e3b962e3,1788966815,2026-09-09T15:13:35+00:00,0,2482.592599,2486.651106,2487.445849,2483.469317,16.35,19.55,3.53,108,25980,ok,ok,ok,ok
114,1788967415,2026-09-09T15:23:35+00:00,25940687,0x4e832c927f357d0dfc0bb65001224dc650f46eacb12a40b47e06ac92ecd452b8,1788967415,2026-09-09T15:23:35+00:00,0,2482.592599,2478.743457,2482.972698,2474.545346,-15.5,1.53,-32.41,708,26580,ok,ok,ok,ok
115,1788968015,2026-09-09T15:33:35+00:00,25940736,0x8c38e619d08c067ad8cd1c13203963588ebd11cb609847d896f30ac46217e9f1,1788968015,2026-09-09T15:33:35+00:00,0,2482.592599,2482.319992,2480.739139,2482.227955,-1.1,-7.47,-1.47,1308,27180,ok,ok,ok,ok
116,1788968615,2026-09-09T15:43:35+00:00,25940786,0xef526206a192ab721769775cefd567bb8c09629582e060e647de9041218e50e4,1788968615,2026-09-09T15:43:35+00:00,0,2482.592599,2490.600919,2491.428749,2492.42547,32.26,35.59,39.61,1908,27780,ok,ok,ok,ok
117,1788969215,2026-09-09T15:53:35+00:00,25940836,0xaff95230b34fb3af274f3e59505e6b7289a9f1affb568e20cc211a87e58404d3,1788969215,2026-09-09T15:53:35+00:00,0,2482.592599,2490.521753,2491.92706,2491.428749,31.94,37.6,35.59,2508,28380,ok,ok,ok,ok
118,1788969815,2026-09-09T16:03:35+00:00,25940886,0x36ba74e70383b89dc8632d03449b0d71544dfb933c4c77ba4726a72852017263,1788969815,2026-09-09T16:03:35+00:00,0,2482.592599,2490.412159,2491.428749,2492.42547,31.5,35.59,39.61,3108,28980,ok,ok,ok,ok
119,1788970415,2026-09-09T16:13:35+00:00,25940936,0x03d0d7437f0d3bb42bc0d449c532709513e69ff88635b9f50723f1c74cd247a0,1788970415,2026-09-09T16:13:35+00:00,0,2495.584368,2489.291026,2488.93869,2489.436503,-25.22,-26.63,-24.63,588,29580,ok,ok,ok,ok
120,1788971015,2026-09-09T16:23:35+00:00,25940986,0x6d4418e616ebd179911227bce952cab9e54fb68783260ee31e8df82690ee6465,1788971015,2026-09-09T16:23:35+00:00,0,2495.584368,2488.357968,2487.694594,2487.19713,-28.96,-31.61,-33.61,1188,30180,ok,ok,ok,ok
121,1788971615,2026-09-09T16:33:35+00:00,25941036,0xe05c80cb51fad434ef7ea9402b8237821e69a025225c4355a3a90bdf117d10fa,1788971615,2026-09-09T16:33:35+00:00,0,2495.584368,2492.170905,2492.176252,2494.420108,-13.68,-13.66,-4.67,1788,30780,ok,ok,ok,ok
122,1788972215,2026-09-09T16:43:35+00:00,25941086,0xeffef488441d2dc361d7cbe6606041c9bc76a7760fa27396c5c3b126d2303677,1788972215,2026-09-09T16:43:35+00:00,0,2495.584368,2494.1603,2497.165343,2497.415059,-5.71,6.34,7.34,2388,31380,ok,ok,ok,ok
123,1788972815,2026-09-09T16:53:35+00:00,25941135,0xe52bf50d7b1601436e5ea36f03f9d2ef95f513447e01cc53dadee5cecc7c6d25,1788972815,2026-09-09T16:53:35+00:00,0,2495.584368,2494.067556,2497.415059,2496.915651,-6.08,7.34,5.33,2988,31980,ok,ok,ok,ok
124,1788973415,2026-09-09T17:03:35+00:00,25941184,0xe246a794a60da71013a3d03a2cbf999e5d8fcd48f4277853d2377200701fe768,1788973415,2026-09-09T17:03:35+00:00,0,2495.584368,2493.632478,2495.418026,2495.917135,-7.82,-0.67,1.33,3588,32580,ok,ok,ok,ok
125,1788974015,2026-09-09T17:13:35+00:00,25941234,0x676a820b46b0aa92ada6d861ae2da994268c515071a432c3b345506fb7c0ed57,1788974015,2026-09-09T17:13:35+00:00,0,2495.646875,2494.336931,2495.667568,2496.665985,-5.25,0.08,4.08,576,33180,ok,ok,ok,ok
126,1788974615,2026-09-09T17:23:35+00:00,25941284,0x2788c9a058414c19c76c5bc257befca777e3240e227e63de53cc399fbebb96d6,1788974615,2026-09-09T17:23:35+00:00,0,2495.646875,2494.177436,2496.416343,2496.166726,-5.89,3.08,2.08,1176,33780,ok,ok,ok,ok
127,1788975215,2026-09-09T17:33:35+00:00,25941333,0xab8efb775b8e537e89d8ef0ede4eb2f42c26f32b86bee88684a2fdcdb1b50f52,1788975215,2026-09-09T17:33:35+00:00,0,2495.646875,2493.282485,2496.416343,2494.66955,-9.47,3.08,-3.92,1776,34380,ok,ok,ok,ok
128,1788975815,2026-09-09T17:43:35+00:00,25941383,0x449aa9e2591dfce1f7252c4c752313342214f11c23e4b863547fcddeb82ed42d,1788975815,2026-09-09T17:43:35+00:00,0,2495.646875,2491.492199,2491.92706,2489.685446,-16.65,-14.91,-23.89,2376,34980,ok,ok,ok,ok
129,1788976415,2026-09-09T17:53:35+00:00,25941433,0xd0621728a40e27318d4883d6f726b25cb4ef1ac6a7e4846ba09ba15c7c6b163d,1788976415,2026-09-09T17:53:35+00:00,0,2495.646875,2492.354588,2491.677892,2492.176252,-13.19,-15.9,-13.91,2976,35580,ok,ok,ok,ok
130,1788977015,2026-09-09T18:03:35+00:00,25941483,0x6cc0e41de8fbece1075eab37e14e3d9024e38ebb25e03af6261260edb1a904f5,1788977015,2026-09-09T18:03:35+00:00,0,2495.646875,2493.645879,2494.420108,2494.420108,-8.02,-4.92,-4.92,3576,36180,ok,ok,ok,ok
131,1788977615,2026-09-09T18:13:35+00:00,25941533,0x213b05f085f3c36b08254c134455938d97f88811de1ac40d98986ac79c123d06,1788977615,2026-09-09T18:13:35+00:00,0,2494.353326,2491.608833,2491.428749,2490.930538,-11.0,-11.72,-13.72,552,36780,ok,ok,ok,ok
132,1788978215,2026-09-09T18:23:35+00:00,25941583,0x3156f0850da475310dd7b8da5fbd31f09a5a929ec92fd81653d15be926fc43b5,1788978215,2026-09-09T18:23:35+00:00,0,2494.353326,2491.791122,2490.183408,2490.68147,-10.27,-16.72,-14.72,1152,37380,ok,ok,ok,ok
133,1788978815,2026-09-09T18:33:35+00:00,25941633,0xf99550f06300490c244a9a45974120f6ee265eeb00d8398c9afb31ace087e64b,1788978815,2026-09-09T18:33:35+00:00,0,2494.353326,2491.765749,2489.934415,2489.934415,-10.37,-17.72,-17.72,1752,37980,ok,ok,ok,ok
134,1788979415,2026-09-09T18:43:35+00:00,25941683,0xf5b20138f6dea6eebcd59e0bfc413f26abbe58a3318f98ed38a4b539ba95027f,1788979415,2026-09-09T18:43:35+00:00,0,2494.353326,2490.576545,2488.93869,2488.689821,-15.14,-21.71,-22.71,2352,38580,ok,ok,ok,ok
135,1788980015,2026-09-09T18:53:35+00:00,25941733,0xafb1237ae46a2c39f505bfae3a410a8379d7db60eb3175c89f7c70758267c27e,1788980015,2026-09-09T18:53:35+00:00,0,2494.353326,2488.992781,2487.694594,2486.948435,-21.49,-26.7,-29.69,2952,39180,ok,ok,ok,ok
136,1788980615,2026-09-09T19:03:35+00:00,25941783,0x2d70bdf6625afe276d680bfdc9d070a38fc3c73f796f42fd78a9ec4e8447d60c,1788980615,2026-09-09T19:03:35+00:00,0,2479.935323,2484.836131,2481.979757,2480.987213,19.76,8.24,4.24,180,39780,ok,ok,ok,ok
137,1788981215,2026-09-09T19:13:35+00:00,25941833,0xde36cb4d82dff1eb0a77fe051c5c0aebe273aa37206e1c46148e3d7916c4c2c2,1788981215,2026-09-09T19:13:35+00:00,0,2479.935323,2484.149675,2480.739139,2480.987213,16.99,3.24,4.24,780,40380,ok,ok,ok,ok
138,1788981815,2026-09-09T19:23:35+00:00,25941882,0x7c3d15875163f501ccab4c92e37bdbf37da1b22042b571cd66de2957820da2a2,1788981815,2026-09-09T19:23:35+00:00,0,2479.935323,2485.525797,2483.220995,2483.220995,22.54,13.25,13.25,1380,40980,ok,ok,ok,ok
139,1788982415,2026-09-09T19:33:35+00:00,25941932,0x75755e17a88d1ae1ac817f31ff9dd4932a68fe25b7fa4ba8d438f06d0349faa9,1788982415,2026-09-09T19:33:35+00:00,0,2479.935323,2484.823534,2482.724425,2481.731584,19.71,11.25,7.24,1980,41580,ok,ok,ok,ok
140,1788983015,2026-09-09T19:43:35+00:00,25941982,0x13bf8e4be9bc9220ea249c9de32a2fd73f1ec1fdd488f4e78bbde05d22524110,1788983015,2026-09-09T19:43:35+00:00,0,2479.935323,2479.211325,2474.297917,2473.803131,-2.92,-22.73,-24.73,2580,42180,ok,ok,ok,ok
141,1788983615,2026-09-09T19:53:35+00:00,25942032,0xaa4244bfcc93daea2a4c30b605cd551af07cee2c571a07b0c90c836528713ec0,1788983615,2026-09-09T19:53:35+00:00,0,2466.430347,2471.787003,2469.107602,2466.393213,21.72,10.85,-0.15,132,42780,ok,ok,ok,ok
142,1788984215,2026-09-09T20:03:35+00:00,25942080,0x961c852645adf5442e0b9da64240cb6c762d455376e0930af88548ae7c0523b9,1788984215,2026-09-09T20:03:35+00:00,0,2466.430347,2472.432682,2465.653443,2467.379918,24.34,-3.15,3.85,732,43380,ok,ok,ok,ok
143,1788984815,2026-09-09T20:13:35+00:00,25942130,0x2f017734a9d7ac7de4a8961f096d6712ab9d50cf7ad05cea460cf028dfb19a33,1788984815,2026-09-09T20:13:35+00:00,0,2466.430347,2471.915879,2466.146598,2467.133205,22.24,-1.15,2.85,1332,43980,ok,ok,ok,ok
144,1788985415,2026-09-09T20:23:35+00:00,25942178,0xdbbf7a8995e0fc960f980e137dea27e0d376e28a844d73d1e1d0a453f30476fc,1788985415,2026-09-09T20:23:35+00:00,0,2466.430347,2469.848743,2469.354513,2468.860716,13.86,11.86,9.85,1932,44580,ok,ok,ok,ok
